timestamp_ms,packetNumber,packetDataCorrupt,protocolError,packetWrongSize,RSSI,SNR,irqFlags,packetRecvPercent,timestamp_s
161696,0,0,0,0,-22.0,12.0,18,100,161.696
162021,1,0,0,0,-22.0,12.75,18,100,162.021
162303,2,0,0,0,-22.0,13.5,18,100,162.303
162590,3,0,0,0,-22.0,12.75,18,100,162.59
162878,4,0,0,0,-22.0,12.75,18,100,162.878
163166,5,0,0,0,-22.0,13.75,18,100,163.166
163454,6,0,0,0,-22.0,14.25,18,100,163.454
163791,7,0,0,0,-22.0,13.5,18,100,163.791
164073,8,0,0,0,-22.0,12.5,18,100,164.073
164361,9,0,0,0,-22.0,13.25,18,100,164.361
164648,10,0,0,0,-22.0,13.25,18,100,164.648
164936,11,0,0,0,-22.0,13.5,18,100,164.936
165245,12,0,0,0,-22.0,13.0,18,100,165.245
165555,13,0,0,0,-22.0,13.25,18,100,165.555
165865,14,0,0,0,-25.0,13.75,18,100,165.865
166203,15,0,0,0,-23.0,12.75,18,100,166.203
166485,16,0,0,0,-24.0,12.25,18,100,166.485
166772,17,0,0,0,-19.0,13.0,18,100,166.772
167060,18,0,0,0,-16.0,13.0,18,100,167.06
167375,19,0,0,0,-16.0,12.75,18,100,167.375
167663,20,0,0,0,-15.0,12.5,18,100,167.663
168001,21,0,0,0,-16.0,13.25,18,100,168.001
168283,22,0,0,0,-13.0,13.0,18,100,168.283
168570,23,0,0,0,-18.0,12.75,18,100,168.57
168858,24,0,0,0,-19.0,12.75,18,100,168.858
169146,25,0,0,0,-12.0,12.25,18,100,169.146
169434,26,0,0,0,-9.0,12.5,18,100,169.434
169721,27,0,0,0,-13.0,12.5,18,100,169.721
170009,28,0,0,0,-10.0,13.0,18,100,170.009
170297,29,0,0,0,-11.0,12.75,18,100,170.297
170585,30,0,0,0,-20.0,13.0,18,100,170.585
170873,31,0,0,0,-17.0,12.75,18,100,170.873
171160,32,0,0,0,-16.0,13.0,18,100,171.16
171448,33,0,0,0,-17.0,12.75,18,100,171.448
171786,34,0,0,0,-17.0,12.0,18,100,171.786
172095,35,0,0,0,-17.0,12.25,18,100,172.095
172383,36,0,0,0,-18.0,12.25,18,100,172.383
172671,37,0,0,0,-20.0,12.75,18,100,172.671
172959,38,0,0,0,-18.0,12.75,18,100,172.959
173246,39,0,0,0,-18.0,12.75,18,100,173.246
173534,40,0,0,0,-17.0,12.5,18,100,173.534
173845,41,0,0,0,-16.0,12.5,18,100,173.845
174133,42,0,0,0,-13.0,12.75,18,100,174.133
174421,43,0,0,0,-11.0,12.75,18,100,174.421
174709,44,0,0,0,-11.0,13.5,18,100,174.709
174996,45,0,0,0,-11.0,12.0,18,100,174.996
175284,46,0,0,0,-14.0,13.25,18,100,175.284
175572,47,0,0,0,-14.0,12.75,18,100,175.572
175860,48,0,0,0,-14.0,12.75,18,100,175.86
176148,49,0,0,0,-13.0,13.25,18,100,176.148
176495,50,0,0,0,-13.0,13.0,18,100,176.495
176777,51,0,0,0,-13.0,13.5,18,100,176.777
177064,52,0,0,0,-14.0,13.25,18,100,177.064
177352,53,0,0,0,-15.0,12.5,18,100,177.352
177640,54,0,0,0,-20.0,13.25,18,100,177.64
177928,55,0,0,0,-17.0,12.25,18,100,177.928
178215,56,0,0,0,-17.0,12.5,18,100,178.215
178503,57,0,0,0,-16.0,12.0,18,100,178.503
178791,58,0,0,0,-15.0,12.5,18,100,178.791
179079,59,0,0,0,-17.0,13.25,18,100,179.079
179367,60,0,0,0,-19.0,13.0,18,100,179.367
179654,61,0,0,0,-16.0,12.75,18,100,179.654
179942,62,0,0,0,-15.0,12.75,18,100,179.942
180230,63,0,0,0,-16.0,13.0,18,100,180.23
180518,64,0,0,0,-16.0,13.0,18,100,180.518
180806,65,0,0,0,-14.0,13.25,18,100,180.806
181175,66,0,0,0,-14.0,13.25,18,100,181.175
181475,67,0,0,0,-16.0,12.25,18,100,181.475
181763,68,0,0,0,-17.0,12.5,18,100,181.763
182051,69,0,0,0,-15.0,12.25,18,100,182.051
182339,70,0,0,0,-14.0,13.0,18,100,182.339
182626,71,0,0,0,-14.0,12.75,18,100,182.626
182914,72,0,0,0,-12.0,12.0,18,100,182.914
183202,73,0,0,0,-13.0,12.5,18,100,183.202
183490,74,0,0,0,-14.0,12.0,18,100,183.49
183778,75,0,0,0,-15.0,12.0,18,100,183.778
184085,76,0,0,0,-17.0,12.5,18,100,184.085
184415,77,0,0,0,-15.0,12.75,18,100,184.415
184703,78,0,0,0,-15.0,11.75,18,100,184.703
184991,79,0,0,0,-17.0,13.5,18,100,184.991
185279,80,0,0,0,-15.0,12.75,18,100,185.279
185566,81,0,0,0,-16.0,12.5,18,100,185.566
185915,82,0,0,0,-13.0,13.25,18,100,185.915
186197,83,0,0,0,-13.0,12.75,18,100,186.197
186484,84,0,0,0,-13.0,13.5,18,100,186.484
186772,85,0,0,0,-12.0,12.75,18,100,186.772
187085,86,0,0,0,-12.0,12.0,18,100,187.085
187395,87,0,0,0,-13.0,13.25,18,100,187.395
187683,88,0,0,0,-12.0,13.0,18,100,187.683
187971,89,0,0,0,-12.0,12.75,18,100,187.971
188259,90,0,0,0,-11.0,12.75,18,100,188.259
188546,91,0,0,0,-11.0,13.25,18,100,188.546
188834,92,0,0,0,-11.0,12.75,18,100,188.834
189122,93,0,0,0,-11.0,13.0,18,100,189.122
189410,94,0,0,0,-11.0,12.25,18,100,189.41
189698,95,0,0,0,-11.0,11.75,18,100,189.698
189985,96,0,0,0,-11.0,12.75,18,100,189.985
190273,97,0,0,0,-11.0,13.25,18,100,190.273
190625,98,0,0,0,-12.0,12.25,18,100,190.625
190906,99,0,0,0,-13.0,12.75,18,100,190.906
191194,100,0,0,0,-13.0,12.25,18,100,191.194
191482,101,0,0,0,-11.0,13.25,18,100,191.482
191770,102,0,0,0,-11.0,12.5,18,100,191.77
192058,103,0,0,0,-9.0,12.75,18,100,192.058
192345,104,0,0,0,-9.0,12.5,18,100,192.345
192633,105,0,0,0,-10.0,13.25,18,100,192.633
192921,106,0,0,0,-14.0,13.5,18,100,192.921
193209,107,0,0,0,-11.0,11.75,18,100,193.209
193497,108,0,0,0,-10.0,12.5,18,100,193.497
193784,109,0,0,0,-9.0,12.75,18,100,193.784
194072,110,0,0,0,-9.0,11.25,18,100,194.072
194360,111,0,0,0,-10.0,11.75,18,100,194.36
194648,112,0,0,0,-10.0,13.0,18,100,194.648
194936,113,0,0,0,-10.0,12.75,18,100,194.936
195274,114,0,0,0,-12.0,12.75,18,100,195.274
195555,115,0,0,0,-13.0,12.75,18,100,195.555
195843,116,0,0,0,-15.0,12.25,18,100,195.843
196131,117,0,0,0,-12.0,12.75,18,100,196.131
196419,118,0,0,0,-12.0,12.25,18,100,196.419
196725,119,0,0,0,-13.0,12.75,18,100,196.725
197013,120,0,0,0,-12.0,10.75,18,100,197.013
197301,121,0,0,0,-12.0,12.75,18,100,197.301
197589,122,0,0,0,-12.0,12.5,18,100,197.589
197876,123,0,0,0,-13.0,13.0,18,100,197.876
198164,124,0,0,0,-13.0,13.0,18,100,198.164
198452,125,0,0,0,-13.0,11.75,18,100,198.452
198740,126,0,0,0,-14.0,12.75,18,100,198.74
199028,127,0,0,0,-14.0,11.75,18,100,199.028
199315,128,0,0,0,-14.0,12.75,18,100,199.315
199603,129,0,0,0,-13.0,13.25,18,100,199.603
199941,130,0,0,0,-15.0,12.5,18,100,199.941
200223,131,0,0,0,-14.0,11.75,18,100,200.223
200511,132,0,0,0,-14.0,12.25,18,100,200.511
200799,133,0,0,0,-15.0,11.0,18,100,200.799
201086,134,0,0,0,-12.0,12.5,18,100,201.086
201395,135,0,0,0,-14.0,12.75,18,100,201.395
201683,136,0,0,0,-13.0,11.25,18,100,201.683
201971,137,0,0,0,-12.0,10.75,18,100,201.971
202259,138,0,0,0,-12.0,11.25,18,100,202.259
202546,139,0,0,0,-13.0,12.5,18,100,202.546
202834,140,0,0,0,-12.0,12.25,18,100,202.834
203122,141,0,0,0,-12.0,11.0,18,100,203.122
203410,142,0,0,0,-12.0,12.25,18,100,203.41
203698,143,0,0,0,-14.0,11.25,18,100,203.698
203985,144,0,0,0,-11.0,11.0,18,100,203.985
204273,145,0,0,0,-14.0,12.75,18,100,204.273
204611,146,0,0,0,-12.0,11.0,18,100,204.611
204893,147,0,0,0,-12.0,12.5,18,100,204.893
205181,148,0,0,0,-12.0,11.0,18,100,205.181
205469,149,0,0,0,-12.0,11.0,18,100,205.469
205757,150,0,0,0,-14.0,11.5,18,100,205.757
206044,151,0,0,0,-14.0,11.5,18,100,206.044
206332,152,0,0,0,-12.0,12.5,18,100,206.332
206620,153,0,0,0,-13.0,10.75,18,100,206.62
206908,154,0,0,0,-13.0,12.0,18,100,206.908
207195,155,0,0,0,-14.0,13.25,18,100,207.195
207483,156,0,0,0,-14.0,11.5,18,100,207.483
207771,157,0,0,0,-14.0,12.0,18,100,207.771
208059,158,0,0,0,-14.0,11.5,18,100,208.059
208347,159,0,0,0,-13.0,11.75,18,100,208.347
208635,160,0,0,0,-13.0,10.75,18,100,208.635
208922,161,0,0,0,-12.0,12.5,18,100,208.922
209260,162,0,0,0,-12.0,11.25,18,100,209.26
209542,163,0,0,0,-13.0,12.75,18,100,209.542
209830,164,0,0,0,-14.0,13.25,18,100,209.83
210118,165,0,0,0,-13.0,12.5,18,100,210.118
210405,166,0,0,0,-13.0,13.0,18,100,210.405
210693,167,0,0,0,-14.0,10.75,18,100,210.693
210981,168,0,0,0,-13.0,13.0,18,100,210.981
211295,169,0,0,0,-14.0,11.0,18,100,211.295
211605,170,0,0,0,-15.0,12.25,18,100,211.605
211893,171,0,0,0,-17.0,12.5,18,100,211.893
212181,172,0,0,0,-16.0,13.25,18,100,212.181
212469,173,0,0,0,-16.0,11.0,18,100,212.469
212756,174,0,0,0,-16.0,12.0,18,100,212.756
213044,175,0,0,0,-13.0,12.5,18,100,213.044
213332,176,0,0,0,-13.0,13.0,18,100,213.332
213620,177,0,0,0,-12.0,10.75,18,100,213.62
213958,178,0,0,0,-13.0,12.75,18,100,213.958
214240,179,0,0,0,-14.0,12.0,18,100,214.24
214527,180,0,0,0,-16.0,12.0,18,100,214.527
214815,181,0,0,0,-17.0,12.0,18,100,214.815
215103,182,0,0,0,-14.0,11.0,18,100,215.103
215391,183,0,0,0,-14.0,11.25,18,100,215.391
215679,184,0,0,0,-15.0,11.75,18,100,215.679
215966,185,0,0,0,-12.0,11.75,18,100,215.966
216254,186,0,0,0,-13.0,11.0,18,100,216.254
216542,187,0,0,0,-15.0,10.5,18,100,216.542
216830,188,0,0,0,-14.0,10.5,18,100,216.83
217118,189,0,0,0,-13.0,12.75,18,100,217.118
217406,190,0,0,0,-12.0,11.0,18,100,217.406
217693,191,0,0,0,-15.0,12.5,18,100,217.693
217981,192,0,0,0,-13.0,12.75,18,100,217.981
218295,193,0,0,0,-13.0,10.5,18,100,218.295
218633,194,0,0,0,-12.0,12.75,18,100,218.633
218935,195,0,0,0,-14.0,12.25,18,100,218.935
219223,196,0,0,0,-12.0,11.75,18,100,219.223
219535,197,0,0,0,-13.0,12.25,18,100,219.535
219823,198,0,0,0,-12.0,11.0,18,100,219.823
220111,199,0,0,0,-13.0,12.0,18,100,220.111
220425,200,0,0,0,-13.0,12.25,18,100,220.425
220713,201,0,0,0,-12.0,12.0,18,100,220.713
221001,202,0,0,0,-13.0,11.25,18,100,221.001
221289,203,0,0,0,-12.0,11.75,18,100,221.289
221576,204,0,0,0,-13.0,13.75,18,100,221.576
221864,205,0,0,0,-13.0,12.5,18,100,221.864
222152,206,0,0,0,-12.0,10.5,18,100,222.152
222465,207,0,0,0,-15.0,11.75,18,100,222.465
222775,208,0,0,0,-19.0,12.25,18,100,222.775
223085,209,0,0,0,-17.0,12.0,18,100,223.085
223424,210,0,0,0,-14.0,10.5,18,100,223.424
223705,211,0,0,0,-16.0,12.0,18,100,223.705
223993,212,0,0,0,-15.0,12.75,18,100,223.993
224281,213,0,0,0,-12.0,12.0,18,100,224.281
224569,214,0,0,0,-13.0,13.0,18,100,224.569
224856,215,0,0,0,-18.0,12.25,18,100,224.856
225144,216,0,0,0,-15.0,12.0,18,100,225.144
225432,217,0,0,0,-14.0,12.25,18,100,225.432
225720,218,0,0,0,-15.0,12.25,18,100,225.72
226008,219,0,0,0,-17.0,11.75,18,100,226.008
226315,220,0,0,0,-18.0,12.0,18,100,226.315
226625,221,0,0,0,-16.0,12.25,18,100,226.625
226913,222,0,0,0,-17.0,12.5,18,100,226.913
227201,223,0,0,0,-15.0,11.75,18,100,227.201
227489,224,0,0,0,-18.0,10.25,18,100,227.489
227777,225,0,0,0,-16.0,12.0,18,100,227.777
228115,226,0,0,0,-14.0,13.0,18,100,228.115
228397,227,0,0,0,-14.0,12.25,18,100,228.397
228705,228,0,0,0,-14.0,12.25,18,100,228.705
228993,229,0,0,0,-13.0,11.25,18,100,228.993
229281,230,0,0,0,-16.0,12.25,18,100,229.281
229569,231,0,0,0,-13.0,13.0,18,100,229.569
229856,232,0,0,0,-13.0,12.75,18,100,229.856
230144,233,0,0,0,-14.0,12.25,18,100,230.144
230432,234,0,0,0,-17.0,12.0,18,100,230.432
230720,235,0,0,0,-16.0,12.25,18,100,230.72
231008,236,0,0,0,-13.0,12.75,18,100,231.008
231295,237,0,0,0,-13.0,12.5,18,100,231.295
231583,238,0,0,0,-14.0,10.5,18,100,231.583
231895,239,0,0,0,-15.0,12.5,18,100,231.895
232183,240,0,0,0,-15.0,11.75,18,100,232.183
232471,241,0,0,0,-16.0,12.5,18,100,232.471
232809,242,0,0,0,-17.0,12.75,18,100,232.809
233135,243,0,0,0,-18.0,10.75,18,100,233.135
233445,244,0,0,0,-19.0,12.25,18,100,233.445
233733,245,0,0,0,-23.0,11.25,18,100,233.733
234021,246,0,0,0,-21.0,10.75,18,100,234.021
234309,247,0,0,0,-21.0,11.75,18,100,234.309
234596,248,0,0,0,-23.0,12.0,18,100,234.596
234884,249,0,0,0,-20.0,12.0,18,100,234.884
235172,250,0,0,0,-22.0,12.25,18,100,235.172
235460,251,0,0,0,-21.0,12.5,18,100,235.46
235748,252,0,0,0,-26.0,11.0,18,100,235.748
236035,253,0,0,0,-20.0,12.0,18,100,236.035
236323,254,0,0,0,-23.0,10.25,18,100,236.323
236611,255,0,0,0,-23.0,12.75,18,100,236.611
236899,256,0,0,0,-24.0,11.0,18,100,236.899
237187,257,0,0,0,-22.0,11.0,18,100,237.187
237525,258,0,0,0,-20.0,11.0,18,100,237.525
237807,259,0,0,0,-19.0,10.75,18,100,237.807
238115,260,0,0,0,-20.0,12.5,18,100,238.115
238403,261,0,0,0,-19.0,12.25,18,100,238.403
238691,262,0,0,0,-19.0,13.0,18,100,238.691
238979,263,0,0,0,-20.0,10.75,18,100,238.979
239266,264,0,0,0,-21.0,11.75,18,100,239.266
239575,265,0,0,0,-21.0,12.25,18,100,239.575
239863,266,0,0,0,-21.0,12.0,18,100,239.863
240151,267,0,0,0,-23.0,11.0,18,100,240.151
240439,268,0,0,0,-20.0,12.5,18,100,240.439
240727,269,0,0,0,-21.0,10.75,18,100,240.727
241014,270,0,0,0,-22.0,12.75,18,100,241.014
241302,271,0,0,0,-20.0,12.25,18,100,241.302
241590,272,0,0,0,-22.0,10.0,18,100,241.59
241878,273,0,0,0,-22.0,12.5,18,100,241.878
242216,274,0,0,0,-21.0,12.0,18,100,242.216
242498,275,0,0,0,-25.0,12.25,18,100,242.498
242785,276,0,0,0,-25.0,13.25,18,100,242.785
243073,277,0,0,0,-18.0,12.0,18,100,243.073
243361,278,0,0,0,-23.0,12.75,18,100,243.361
243649,279,0,0,0,-19.0,10.75,18,100,243.649
243937,280,0,0,0,-23.0,12.75,18,100,243.937
244224,281,0,0,0,-24.0,12.25,18,100,244.224
244512,282,0,0,0,-30.0,10.75,18,100,244.512
244800,283,0,0,0,-24.0,11.75,18,100,244.8
245088,284,0,0,0,-20.0,13.0,18,100,245.088
245376,285,0,0,0,-19.0,12.5,18,100,245.376
245664,286,0,0,0,-22.0,11.0,18,100,245.664
245951,287,0,0,0,-21.0,12.0,18,100,245.951
246239,288,0,0,0,-26.0,11.75,18,100,246.239
246527,289,0,0,0,-21.0,11.0,18,100,246.527
246865,290,0,0,0,-29.0,11.75,18,100,246.865
247147,291,0,0,0,-34.0,11.5,18,100,247.147
247435,292,0,0,0,-28.0,11.0,18,100,247.435
247723,293,0,0,0,-25.0,11.5,18,100,247.723
248075,294,0,0,0,-22.0,12.0,18,100,248.075
248363,295,0,0,0,-20.0,12.5,18,100,248.363
248651,296,0,0,0,-25.0,12.75,18,100,248.651
248939,297,0,0,0,-23.0,11.75,18,100,248.939
249226,298,0,0,0,-19.0,12.0,18,100,249.226
249514,299,0,0,0,-19.0,12.75,18,100,249.514
249802,300,0,0,0,-17.0,12.25,18,100,249.802
250090,301,0,0,0,-20.0,12.75,18,100,250.09
250378,302,0,0,0,-21.0,12.25,18,100,250.378
250665,303,0,0,0,-20.0,12.75,18,100,250.665
250953,304,0,0,0,-15.0,12.0,18,100,250.953
251241,305,0,0,0,-18.0,12.25,18,100,251.241
251579,306,0,0,0,-24.0,10.75,18,100,251.579
251861,307,0,0,0,-24.0,12.0,18,100,251.861
252149,308,0,0,0,-24.0,11.75,18,100,252.149
252455,309,0,0,0,-22.0,13.0,18,100,252.455
252743,310,0,0,0,-19.0,12.75,18,100,252.743
253031,311,0,0,0,-29.0,12.75,18,100,253.031
253319,312,0,0,0,-28.0,11.25,18,100,253.319
253606,313,0,0,0,-22.0,12.5,18,100,253.606
253894,314,0,0,0,-26.0,12.0,18,100,253.894
254182,315,0,0,0,-29.0,12.75,18,100,254.182
254470,316,0,0,0,-26.0,12.5,18,100,254.47
254758,317,0,0,0,-25.0,11.5,18,100,254.758
255045,318,0,0,0,-42.0,11.75,18,100,255.045
255333,319,0,0,0,-25.0,12.25,18,100,255.333
255621,320,0,0,0,-24.0,10.5,18,100,255.621
255909,321,0,0,0,-25.0,11.0,18,100,255.909
256247,322,0,0,0,-29.0,11.75,18,100,256.247
256529,323,0,0,0,-21.0,11.0,18,100,256.529
256816,324,0,0,0,-20.0,12.0,18,100,256.816
257125,325,0,0,0,-18.0,12.0,18,100,257.125
257413,326,0,0,0,-16.0,12.0,18,100,257.413
257701,327,0,0,0,-17.0,12.0,18,100,257.701
257989,328,0,0,0,-20.0,11.75,18,100,257.989
258276,329,0,0,0,-21.0,11.75,18,100,258.276
258564,330,0,0,0,-27.0,11.75,18,100,258.564
258852,331,0,0,0,-26.0,12.25,18,100,258.852
259165,332,0,0,0,-23.0,11.75,18,100,259.165
259453,333,0,0,0,-26.0,12.5,18,100,259.453
259741,334,0,0,0,-32.0,12.0,18,100,259.741
260029,335,0,0,0,-40.0,12.25,18,100,260.029
260316,336,0,0,0,-37.0,11.75,18,100,260.316
260625,337,0,0,0,-42.0,11.25,18,100,260.625
260963,338,0,0,0,-26.0,12.5,18,100,260.963
261245,339,0,0,0,-21.0,11.5,18,100,261.245
261532,340,0,0,0,-20.0,11.25,18,100,261.532
261820,341,0,0,0,-24.0,12.25,18,100,261.82
262135,342,0,0,0,-25.0,12.0,18,100,262.135
262423,343,0,0,0,-32.0,11.5,18,100,262.423
262711,344,0,0,0,-27.0,11.5,18,100,262.711
262999,345,0,0,0,-31.0,12.5,18,100,262.999
263286,346,0,0,0,-28.0,11.5,18,100,263.286
263574,347,0,0,0,-30.0,11.5,18,100,263.574
263862,348,0,0,0,-29.0,11.5,18,100,263.862
264175,349,0,0,0,-37.0,11.75,18,100,264.175
264463,350,0,0,0,-29.0,11.75,18,100,264.463
264751,351,0,0,0,-37.0,11.5,18,100,264.751
265039,352,0,0,0,-34.0,13.0,18,100,265.039
265327,353,0,0,0,-34.0,12.0,18,100,265.327
265675,354,0,0,0,-29.0,12.0,18,100,265.675
265957,355,0,0,0,-34.0,12.0,18,100,265.957
266244,356,0,0,0,-35.0,11.5,18,100,266.244
267108,359,0,0,0,-29.0,11.5,18,100,267.108
267395,360,0,0,0,-33.0,11.25,18,100,267.395
267683,361,0,0,0,-46.0,11.75,18,100,267.683
267971,362,0,0,0,-40.0,12.5,18,100,267.971
268547,364,0,0,0,-43.0,11.0,18,100,268.547
268835,365,0,0,0,-36.0,11.75,18,100,268.835
269122,366,0,0,0,-30.0,13.0,18,100,269.122
269410,367,0,0,0,-40.0,11.5,18,100,269.41
269698,368,0,0,0,-41.0,12.0,18,100,269.698
269986,369,0,0,0,-34.0,11.5,18,81,269.986
270324,357,0,0,0,-41.0,12.5,18,81,270.324
270605,358,0,0,0,-37.0,11.75,18,81,270.605
270893,363,0,0,0,-45.0,11.25,18,81,270.893
271181,370,0,0,0,-41.0,12.0,18,81,271.181
271469,371,0,0,0,-42.0,11.5,18,81,271.469
271757,372,0,0,0,-38.0,11.75,18,81,271.757
272044,373,0,0,0,-42.0,12.0,18,81,272.044
272332,374,0,0,0,-43.0,11.0,18,81,272.332
272620,375,0,0,0,-41.0,11.75,18,81,272.62
272935,376,0,0,0,-36.0,12.0,18,81,272.935
273223,377,0,0,0,-34.0,12.0,18,81,273.223
273511,378,0,0,0,-35.0,12.25,18,81,273.511
273799,379,0,0,0,-40.0,12.25,18,81,273.799
274375,381,0,0,0,-38.0,11.5,18,81,274.375
274662,382,0,0,0,-38.0,12.25,18,93,274.662
275000,380,0,0,0,-38.0,11.75,18,93,275.0
275282,383,0,0,0,-37.0,11.75,18,93,275.282
275570,384,0,0,0,-40.0,11.75,18,93,275.57
275857,385,0,0,0,-42.0,11.5,18,93,275.857
276145,386,0,0,0,-39.0,11.75,18,93,276.145
276433,387,0,0,0,-49.0,11.75,18,93,276.433
276721,388,0,0,0,-32.0,11.25,18,93,276.721
277009,389,0,0,0,-41.0,11.5,18,93,277.009
277296,390,0,0,0,-36.0,11.75,18,93,277.296
277584,391,0,0,0,-36.0,11.75,18,93,277.584
277872,392,0,0,0,-29.0,11.5,18,93,277.872
278160,393,0,0,0,-33.0,11.75,18,93,278.16
278448,394,0,0,0,-29.0,11.0,18,93,278.448
278735,395,0,0,0,-36.0,11.25,18,93,278.735
279045,396,0,0,0,-43.0,11.75,18,93,279.045
279333,397,0,0,0,-36.0,11.5,18,100,279.333
279711,398,0,0,0,-34.0,12.0,18,100,279.711
279993,399,0,0,0,-32.0,11.5,18,100,279.993
280305,400,0,0,0,-31.0,11.5,18,100,280.305
280593,401,0,0,0,-28.0,12.25,18,100,280.593
280881,402,0,0,0,-38.0,12.0,18,100,280.881
281169,403,0,0,0,-35.0,12.0,18,100,281.169
281456,404,0,0,0,-31.0,12.25,18,100,281.456
281744,405,0,0,0,-36.0,11.75,18,100,281.744
282032,406,0,0,0,-33.0,11.5,18,100,282.032
282320,407,0,0,0,-33.0,12.0,18,100,282.32
282608,408,0,0,0,-31.0,11.75,18,100,282.608
282896,409,0,0,0,-43.0,12.0,18,100,282.896
283183,410,0,0,0,-43.0,11.75,18,100,283.183
283471,411,0,0,0,-42.0,11.75,18,100,283.471
283759,412,0,0,0,-40.0,11.5,18,100,283.759
285157,413,0,0,0,-33.0,12.25,18,100,285.157
285494,414,0,0,0,-34.0,11.75,18,100,285.494
285776,415,0,0,0,-40.0,11.75,18,100,285.776
286064,416,0,0,0,-29.0,11.5,18,100,286.064
286352,417,0,0,0,-31.0,11.75,18,100,286.352
286665,418,0,0,0,-42.0,11.75,18,100,286.665
286953,419,0,0,0,-32.0,12.0,18,100,286.953
287241,420,0,0,0,-44.0,11.75,18,100,287.241
287529,421,0,0,0,-36.0,11.75,18,100,287.529
287816,422,0,0,0,-37.0,11.25,18,100,287.816
288104,423,0,0,0,-41.0,11.5,18,100,288.104
288392,424,0,0,0,-44.0,11.75,18,100,288.392
288680,425,0,0,0,-33.0,11.75,18,100,288.68
288995,426,0,0,0,-33.0,11.75,18,100,288.995
289283,427,0,0,0,-40.0,11.5,18,100,289.283
289571,428,0,0,0,-52.0,10.5,18,100,289.571
289859,429,0,0,0,-47.0,11.0,18,100,289.859
290197,430,0,0,0,-45.0,11.5,18,100,290.197
290479,431,0,0,0,-42.0,11.25,18,100,290.479
290767,432,0,0,0,-34.0,11.25,18,100,290.767
291054,433,0,0,0,-47.0,11.75,18,100,291.054
291342,434,0,0,0,-44.0,11.25,18,100,291.342
291655,435,0,0,0,-40.0,12.5,18,100,291.655
291943,436,0,0,0,-43.0,11.75,18,100,291.943
292231,437,0,0,0,-50.0,10.25,18,100,292.231
292519,438,0,0,0,-33.0,11.75,18,100,292.519
292806,439,0,0,0,-36.0,11.75,18,100,292.806
293094,440,0,0,0,-34.0,12.0,18,100,293.094
293382,441,0,0,0,-42.0,11.5,18,100,293.382
293670,442,0,0,0,-41.0,11.25,18,100,293.67
293958,443,0,0,0,-35.0,11.25,18,100,293.958
294246,444,0,0,0,-32.0,11.75,18,100,294.246
294533,445,0,0,0,-46.0,9.75,18,100,294.533
294871,446,0,0,0,-40.0,11.5,18,100,294.871
295153,447,0,0,0,-34.0,11.25,18,100,295.153
295441,448,0,0,0,-37.0,12.0,18,100,295.441
296017,450,0,0,0,-37.0,11.75,18,100,296.017
296305,451,0,0,0,-33.0,11.5,18,100,296.305
296592,452,0,0,0,-33.0,11.75,18,100,296.592
296880,453,0,0,0,-39.0,11.0,18,100,296.88
297168,454,0,0,0,-39.0,11.5,18,100,297.168
298055,457,0,0,0,-33.0,11.0,18,100,298.055
298343,458,0,0,0,-39.0,11.75,18,100,298.343
298943,460,0,0,0,-34.0,12.25,18,100,298.943
299231,461,0,0,0,-29.0,11.5,18,75,299.231
299569,449,0,0,0,-39.0,11.75,18,75,299.569
299851,455,0,0,0,-33.0,11.75,18,75,299.851
300139,456,0,0,0,-36.0,12.5,18,75,300.139
300426,459,0,0,0,-34.0,11.25,18,75,300.426
300714,462,0,0,0,-31.0,11.0,18,75,300.714
301002,463,0,0,0,-36.0,11.0,18,75,301.002
301290,464,0,0,0,-34.0,11.75,18,75,301.29
301577,465,0,0,0,-32.0,11.5,18,75,301.577
301865,466,0,0,0,-40.0,11.5,18,75,301.865
302153,467,0,0,0,-37.0,11.5,18,75,302.153
302441,468,0,0,0,-34.0,10.75,18,75,302.441
302729,469,0,0,0,-35.0,11.25,18,75,302.729
303017,470,0,0,0,-47.0,11.25,18,75,303.017
303304,471,0,0,0,-40.0,11.5,18,75,303.304
303592,472,0,0,0,-39.0,11.75,18,75,303.592
303880,473,0,0,0,-37.0,11.75,18,100,303.88
304218,474,0,0,0,-35.0,11.25,18,100,304.218
304499,475,0,0,0,-33.0,11.25,18,100,304.499
304787,476,0,0,0,-43.0,11.25,18,100,304.787
305075,477,0,0,0,-41.0,12.25,18,100,305.075
305363,478,0,0,0,-34.0,11.5,18,100,305.363
305695,479,0,0,0,-40.0,11.75,18,100,305.695
305983,480,0,0,0,-31.0,11.75,18,100,305.983
306271,481,0,0,0,-34.0,11.5,18,100,306.271
306559,482,0,0,0,-36.0,11.0,18,100,306.559
306865,483,0,0,0,-38.0,11.25,18,100,306.865
307153,484,0,0,0,-41.0,11.75,18,100,307.153
307441,485,0,0,0,-39.0,11.0,18,100,307.441
307729,486,0,0,0,-44.0,11.75,18,100,307.729
308035,487,0,0,0,-57.0,11.25,18,100,308.035
308323,488,0,0,0,-48.0,10.25,18,100,308.323
308611,489,0,0,0,-35.0,11.75,18,100,308.611
308949,490,0,0,0,-43.0,11.25,18,100,308.949
309231,491,0,0,0,-39.0,12.0,18,100,309.231
309519,492,0,0,0,-38.0,11.75,18,100,309.519
309806,493,0,0,0,-36.0,11.5,18,100,309.806
310115,494,0,0,0,-37.0,11.5,18,100,310.115
310403,495,0,0,0,-34.0,11.25,18,100,310.403
310691,496,0,0,0,-43.0,10.5,18,100,310.691
310979,497,0,0,0,-33.0,12.25,18,100,310.979
311266,498,0,0,0,-47.0,11.5,18,100,311.266
312130,501,0,0,0,-39.0,11.75,18,100,312.13
312418,502,0,0,0,-42.0,11.5,18,100,312.418
312706,503,0,0,0,-35.0,11.0,18,100,312.706
312993,504,0,0,0,-32.0,11.25,18,100,312.993
313281,505,0,0,0,-33.0,11.25,18,87,313.281
313619,499,0,0,0,-50.0,12.0,18,87,313.619
313901,500,0,0,0,-41.0,11.25,18,87,313.901
314189,506,0,0,0,-43.0,11.5,18,87,314.189
314477,507,0,0,0,-43.0,11.25,18,87,314.477
314805,508,0,0,0,-45.0,12.0,18,87,314.805
315093,509,0,0,0,-41.0,11.0,18,87,315.093
315381,510,0,0,0,-37.0,11.0,18,87,315.381
315669,511,0,0,0,-43.0,11.25,18,87,315.669
315956,512,0,0,0,-41.0,11.5,18,87,315.956
316244,513,0,0,0,-29.0,11.0,18,87,316.244
316532,514,0,0,0,-30.0,11.25,18,87,316.532
316845,515,0,0,0,-29.0,11.75,18,87,316.845
317133,516,0,0,0,-24.0,11.25,18,87,317.133
317421,517,0,0,0,-31.0,11.75,18,87,317.421
317709,518,0,0,0,-37.0,10.75,18,87,317.709
317996,519,0,0,0,-32.0,11.25,18,100,317.996
318371,520,0,0,0,-37.0,11.25,18,100,318.371
318653,521,0,0,0,-35.0,11.25,18,100,318.653
318941,522,0,0,0,-35.0,11.5,18,100,318.941
319229,523,0,0,0,-34.0,11.75,18,100,319.229
319516,524,0,0,0,-30.0,11.5,18,100,319.516
319804,525,0,0,0,-26.0,11.5,18,100,319.804
320092,526,0,0,0,-29.0,11.5,18,100,320.092
320380,527,0,0,0,-29.0,12.0,18,100,320.38
320668,528,0,0,0,-29.0,12.0,18,100,320.668
320955,529,0,0,0,-30.0,11.25,18,100,320.955
321243,530,0,0,0,-35.0,11.75,18,100,321.243
321531,531,0,0,0,-27.0,11.5,18,100,321.531
321819,532,0,0,0,-30.0,12.0,18,100,321.819
322107,533,0,0,0,-33.0,11.25,18,100,322.107
322394,534,0,0,0,-30.0,11.25,18,100,322.394
322682,535,0,0,0,-31.0,12.0,18,100,322.682
323020,536,0,0,0,-37.0,11.75,18,100,323.02
323302,537,0,0,0,-29.0,11.0,18,100,323.302
323615,538,0,0,0,-25.0,11.5,18,100,323.615
323903,539,0,0,0,-33.0,11.0,18,100,323.903
324191,540,0,0,0,-33.0,11.5,18,100,324.191
324479,541,0,0,0,-34.0,10.75,18,100,324.479
324766,542,0,0,0,-32.0,11.5,18,100,324.766
325054,543,0,0,0,-37.0,12.0,18,100,325.054
325365,544,0,0,0,-36.0,11.25,18,100,325.365
325653,545,0,0,0,-27.0,11.75,18,100,325.653
325941,546,0,0,0,-29.0,11.75,18,100,325.941
326229,547,0,0,0,-30.0,11.0,18,100,326.229
326517,548,0,0,0,-42.0,11.0,18,100,326.517
326804,549,0,0,0,-30.0,11.75,18,100,326.804
327092,550,0,0,0,-35.0,12.25,18,100,327.092
327380,551,0,0,0,-34.0,12.0,18,100,327.38
327741,552,0,0,0,-31.0,12.0,18,100,327.741
328023,553,0,0,0,-34.0,11.75,18,100,328.023
328335,554,0,0,0,-33.0,11.0,18,100,328.335
328623,555,0,0,0,-39.0,12.25,18,100,328.623
328911,556,0,0,0,-41.0,11.0,18,100,328.911
329199,557,0,0,0,-41.0,12.0,18,100,329.199
329487,558,0,0,0,-29.0,11.75,18,100,329.487
329795,559,0,0,0,-37.0,10.75,18,100,329.795
330083,560,0,0,0,-29.0,11.25,18,100,330.083
330371,561,0,0,0,-33.0,11.5,18,100,330.371
330659,562,0,0,0,-39.0,11.0,18,100,330.659
330947,563,0,0,0,-48.0,11.5,18,100,330.947
331234,564,0,0,0,-36.0,11.0,18,100,331.234
331522,565,0,0,0,-43.0,11.75,18,100,331.522
331810,566,0,0,0,-47.0,10.5,18,100,331.81
332098,567,0,0,0,-40.0,11.0,18,100,332.098
332436,568,0,0,0,-44.0,11.0,18,100,332.436
332718,569,0,0,0,-38.0,11.25,18,100,332.718
333025,570,0,0,0,-35.0,11.75,18,100,333.025
333601,572,0,0,0,-34.0,12.0,18,100,333.601
333889,573,0,0,0,-39.0,12.0,18,100,333.889
334176,574,0,0,0,-40.0,12.0,18,100,334.176
334464,575,0,0,0,-33.0,11.0,18,100,334.464
334752,576,0,0,0,-32.0,11.25,18,100,334.752
335040,577,0,0,0,-32.0,11.25,18,100,335.04
335328,578,0,0,0,-34.0,12.0,18,100,335.328
335615,579,0,0,0,-39.0,11.75,18,100,335.615
335903,580,0,0,0,-39.0,12.0,18,100,335.903
336191,581,0,0,0,-35.0,11.25,18,100,336.191
336479,582,0,0,0,-36.0,11.5,18,100,336.479
336767,583,0,0,0,-35.0,11.25,18,93,336.767
337141,571,0,0,0,-37.0,12.0,18,93,337.141
337755,585,0,0,0,-43.0,11.0,18,93,337.755
338043,586,0,0,0,-33.0,11.0,18,93,338.043
338331,587,0,0,0,-37.0,11.75,18,93,338.331
338619,588,0,0,0,-38.0,11.0,18,93,338.619
338906,589,0,0,0,-36.0,11.75,18,93,338.906
339482,591,0,0,0,-45.0,11.25,18,93,339.482
339770,592,0,0,0,-27.0,12.0,18,93,339.77
340058,593,0,0,0,-37.0,11.0,18,93,340.058
340345,594,0,0,0,-35.0,11.25,18,93,340.345
340633,595,0,0,0,-51.0,10.5,18,93,340.633
340921,596,0,0,0,-31.0,12.0,18,93,340.921
341209,597,0,0,0,-46.0,12.5,18,93,341.209
342607,598,0,0,0,-36.0,11.0,18,87,342.607
342944,584,0,0,0,-44.0,11.0,18,87,342.944
343226,590,0,0,0,-39.0,11.75,18,87,343.226
343514,599,0,0,0,-41.0,11.0,18,87,343.514
344089,601,0,0,0,-37.0,11.5,18,87,344.089
344377,602,0,0,0,-31.0,11.5,18,87,344.377
344665,603,0,0,0,-43.0,11.0,18,87,344.665
344953,604,0,0,0,-31.0,11.25,18,87,344.953
345240,605,0,0,0,-32.0,11.0,18,87,345.24
345528,606,0,0,0,-30.0,11.0,18,87,345.528
345816,607,0,0,0,-33.0,11.25,18,87,345.816
346104,608,0,0,0,-38.0,11.75,18,87,346.104
346392,609,0,0,0,-41.0,11.0,18,87,346.392
346679,610,0,0,0,-31.0,11.25,18,87,346.679
346967,611,0,0,0,-34.0,11.0,18,87,346.967
347255,612,0,0,0,-34.0,11.25,18,93,347.255
347593,600,0,0,0,-34.0,11.75,18,93,347.593
347895,613,0,0,0,-38.0,11.5,18,93,347.895
348183,614,0,0,0,-40.0,11.5,18,93,348.183
348471,615,0,0,0,-30.0,11.0,18,93,348.471
348759,616,0,0,0,-41.0,10.75,18,93,348.759
349046,617,0,0,0,-29.0,11.25,18,93,349.046
349334,618,0,0,0,-35.0,11.5,18,93,349.334
349622,619,0,0,0,-38.0,11.0,18,93,349.622
349910,620,0,0,0,-34.0,11.25,18,93,349.91
350198,621,0,0,0,-30.0,11.25,18,93,350.198
350485,622,0,0,0,-34.0,11.75,18,93,350.485
350773,623,0,0,0,-35.0,12.0,18,93,350.773
351061,624,0,0,0,-36.0,10.75,18,93,351.061
351349,625,0,0,0,-46.0,11.0,18,93,351.349
351637,626,0,0,0,-33.0,11.5,18,93,351.637
351925,627,0,0,0,-30.0,12.0,18,100,351.925
352263,628,0,0,0,-36.0,11.5,18,100,352.263
352545,629,0,0,0,-34.0,11.5,18,100,352.545
352855,630,0,0,0,-46.0,10.75,18,100,352.855
353143,631,0,0,0,-38.0,11.25,18,100,353.143
353431,632,0,0,0,-38.0,11.5,18,100,353.431
354006,634,0,0,0,-45.0,10.75,18,100,354.006
354294,635,0,0,0,-36.0,11.75,18,100,354.294
354582,636,0,0,0,-39.0,11.75,18,100,354.582
354870,637,0,0,0,-41.0,11.0,18,100,354.87
355158,638,0,0,0,-31.0,11.0,18,100,355.158
355446,639,0,0,0,-38.0,11.5,18,100,355.446
355733,640,0,0,0,-45.0,11.0,18,100,355.733
356021,641,0,0,0,-41.0,11.25,18,100,356.021
356309,642,0,0,0,-36.0,11.5,18,100,356.309
356615,643,0,0,0,-35.0,11.25,18,93,356.615
356953,633,0,0,0,-37.0,11.5,18,93,356.953
357235,644,0,0,0,-32.0,11.0,18,93,357.235
357523,645,0,0,0,-28.0,10.75,18,93,357.523
357811,646,0,0,0,-40.0,11.75,18,93,357.811
358098,647,0,0,0,-38.0,11.0,18,93,358.098
358386,648,0,0,0,-39.0,10.75,18,93,358.386
358695,649,0,0,0,-52.0,10.75,18,93,358.695
358983,650,0,0,0,-34.0,11.0,18,93,358.983
359559,652,0,0,0,-33.0,11.25,18,93,359.559
359847,653,0,0,0,-36.0,11.25,18,93,359.847
360134,654,0,0,0,-28.0,11.25,18,93,360.134
360422,655,0,0,0,-29.0,11.75,18,93,360.422
360710,656,0,0,0,-31.0,11.5,18,93,360.71
360998,657,0,0,0,-35.0,11.25,18,93,360.998
361286,658,0,0,0,-30.0,11.25,18,93,361.286
361624,651,0,0,0,-39.0,11.25,18,93,361.624
361905,659,0,0,0,-40.0,11.0,18,93,361.905
362193,660,0,0,0,-40.0,11.0,18,93,362.193
362481,661,0,0,0,-43.0,11.0,18,93,362.481
362769,662,0,0,0,-41.0,11.25,18,93,362.769
363344,664,0,0,0,-48.0,11.0,18,93,363.344
363655,665,0,0,0,-37.0,12.0,18,93,363.655
363943,666,0,0,0,-41.0,11.0,18,93,363.943
364231,667,0,0,0,-32.0,11.25,18,93,364.231
364519,668,0,0,0,-36.0,11.0,18,93,364.519
364806,669,0,0,0,-29.0,12.25,18,93,364.806
365094,670,0,0,0,-44.0,11.25,18,93,365.094
365382,671,0,0,0,-35.0,11.75,18,93,365.382
365670,672,0,0,0,-31.0,11.5,18,93,365.67
365958,673,0,0,0,-33.0,11.25,18,93,365.958
366296,663,0,0,0,-33.0,13.0,18,93,366.296
366578,674,0,0,0,-38.0,11.5,18,93,366.578
366865,675,0,0,0,-44.0,10.75,18,93,366.865
367153,676,0,0,0,-41.0,10.75,18,93,367.153
367441,677,0,0,0,-30.0,11.25,18,93,367.441
367729,678,0,0,0,-43.0,11.0,18,93,367.729
368017,679,0,0,0,-39.0,11.25,18,93,368.017
368325,680,0,0,0,-41.0,11.25,18,93,368.325
368635,681,0,0,0,-41.0,11.25,18,93,368.635
368923,682,0,0,0,-42.0,11.75,18,93,368.923
369211,683,0,0,0,-35.0,11.5,18,93,369.211
369499,684,0,0,0,-36.0,11.25,18,93,369.499
369825,685,0,0,0,-32.0,11.5,18,93,369.825
370155,686,0,0,0,-32.0,11.0,18,93,370.155
370443,687,0,0,0,-40.0,11.25,18,93,370.443
370731,688,0,0,0,-44.0,10.5,18,100,370.731
371069,689,0,0,0,-46.0,11.5,18,100,371.069
371351,690,0,0,0,-33.0,11.75,18,100,371.351
371639,691,0,0,0,-39.0,11.25,18,100,371.639
371945,692,0,0,0,-37.0,11.0,18,100,371.945
372233,693,0,0,0,-33.0,11.25,18,100,372.233
372521,694,0,0,0,-42.0,10.0,18,100,372.521
372809,695,0,0,0,-29.0,11.25,18,100,372.809
373096,696,0,0,0,-36.0,11.5,18,100,373.096
373384,697,0,0,0,-35.0,12.0,18,100,373.384
373672,698,0,0,0,-34.0,11.75,18,100,373.672
373960,699,0,0,0,-35.0,12.25,18,100,373.96
374248,700,0,0,0,-31.0,11.75,18,100,374.248
374555,701,0,0,0,-33.0,11.25,18,100,374.555
374865,702,0,0,0,-33.0,12.75,18,100,374.865
375153,703,0,0,0,-35.0,11.75,18,100,375.153
375441,704,0,0,0,-40.0,11.0,18,100,375.441
375779,705,0,0,0,-31.0,11.25,18,100,375.779
376061,706,0,0,0,-32.0,11.5,18,100,376.061
376349,707,0,0,0,-31.0,11.5,18,100,376.349
376655,708,0,0,0,-34.0,11.0,18,100,376.655
376943,709,0,0,0,-33.0,12.0,18,100,376.943
377255,710,0,0,0,-34.0,11.75,18,100,377.255
377543,711,0,0,0,-34.0,12.0,18,100,377.543
377831,712,0,0,0,-32.0,11.0,18,100,377.831
378119,713,0,0,0,-36.0,11.25,18,100,378.119
378406,714,0,0,0,-46.0,11.5,18,100,378.406
378694,715,0,0,0,-38.0,11.25,18,100,378.694
378982,716,0,0,0,-29.0,11.0,18,100,378.982
379270,717,0,0,0,-31.0,11.5,18,100,379.27
379558,718,0,0,0,-30.0,11.25,18,100,379.558
379845,719,0,0,0,-31.0,11.5,18,100,379.845
380133,720,0,0,0,-39.0,11.25,18,100,380.133
380471,721,0,0,0,-41.0,10.75,18,100,380.471
380753,722,0,0,0,-38.0,11.25,18,100,380.753
381041,723,0,0,0,-37.0,11.25,18,100,381.041
381329,724,0,0,0,-32.0,10.75,18,100,381.329
381655,725,0,0,0,-30.0,11.0,18,100,381.655
381943,726,0,0,0,-32.0,11.5,18,100,381.943
382295,727,0,0,0,-28.0,11.75,18,100,382.295
382583,728,0,0,0,-27.0,11.5,18,100,382.583
382871,729,0,0,0,-27.0,12.0,18,100,382.871
383159,730,0,0,0,-27.0,11.25,18,100,383.159
383446,731,0,0,0,-28.0,12.0,18,100,383.446
383734,732,0,0,0,-29.0,11.25,18,100,383.734
384022,733,0,0,0,-39.0,11.25,18,100,384.022
384310,734,0,0,0,-39.0,11.0,18,100,384.31
384598,735,0,0,0,-40.0,11.75,18,100,384.598
384885,736,0,0,0,-31.0,12.25,18,100,384.885
385224,737,0,0,0,-34.0,11.25,18,100,385.224
385505,738,0,0,0,-34.0,12.0,18,100,385.505
385793,739,0,0,0,-31.0,11.5,18,100,385.793
386081,740,0,0,0,-33.0,11.5,18,100,386.081
386369,741,0,0,0,-33.0,11.25,18,100,386.369
386657,742,0,0,0,-34.0,12.75,18,100,386.657
386944,743,0,0,0,-31.0,11.5,18,100,386.944
387232,744,0,0,0,-34.0,11.5,18,100,387.232
387520,745,0,0,0,-40.0,11.0,18,100,387.52
387808,746,0,0,0,-34.0,11.5,18,100,387.808
388096,747,0,0,0,-34.0,11.75,18,100,388.096
388405,748,0,0,0,-36.0,12.0,18,100,388.405
388693,749,0,0,0,-38.0,11.5,18,100,388.693
389269,751,0,0,0,-40.0,11.5,18,100,389.269
389557,752,0,0,0,-45.0,11.75,18,93,389.557
390182,753,0,0,0,-43.0,11.25,18,93,390.182
390464,754,0,0,0,-42.0,11.25,18,93,390.464
390752,755,0,0,0,-44.0,11.5,18,93,390.752
391040,756,0,0,0,-41.0,11.5,18,93,391.04
391328,757,0,0,0,-37.0,11.25,18,93,391.328
391615,758,0,0,0,-37.0,11.5,18,93,391.615
391903,759,0,0,0,-37.0,12.0,18,93,391.903
392191,760,0,0,0,-35.0,11.25,18,93,392.191
392505,761,0,0,0,-44.0,11.0,18,93,392.505
392793,762,0,0,0,-46.0,10.5,18,93,392.793
393105,763,0,0,0,-40.0,11.0,18,93,393.105
393393,764,0,0,0,-37.0,12.5,18,93,393.393
393681,765,0,0,0,-38.0,11.25,18,93,393.681
393969,766,0,0,0,-34.0,11.0,18,93,393.969
394257,767,0,0,0,-36.0,12.0,18,93,394.257
394595,750,0,0,0,-37.0,11.0,18,93,394.595
394876,768,0,0,0,-36.0,11.25,18,93,394.876
395164,769,0,0,0,-41.0,11.0,18,93,395.164
395452,770,0,0,0,-41.0,11.75,18,93,395.452
395765,771,0,0,0,-42.0,11.25,18,93,395.765
396053,772,0,0,0,-44.0,11.25,18,93,396.053
396341,773,0,0,0,-40.0,11.25,18,93,396.341
396629,774,0,0,0,-48.0,11.0,18,93,396.629
396916,775,0,0,0,-46.0,10.75,18,93,396.916
397204,776,0,0,0,-40.0,11.25,18,93,397.204
397492,777,0,0,0,-43.0,11.75,18,93,397.492
397780,778,0,0,0,-44.0,11.25,18,93,397.78
398068,779,0,0,0,-40.0,12.0,18,93,398.068
398355,780,0,0,0,-41.0,12.0,18,93,398.355
398643,781,0,0,0,-40.0,11.75,18,93,398.643
398931,782,0,0,0,-45.0,11.0,18,100,398.931
399269,783,0,0,0,-43.0,12.25,18,100,399.269
399551,784,0,0,0,-40.0,11.25,18,100,399.551
399839,785,0,0,0,-41.0,11.25,18,100,399.839
400126,786,0,0,0,-49.0,9.0,18,100,400.126
400414,787,0,0,0,-57.0,7.25,18,100,400.414
400702,788,0,0,0,-44.0,12.5,18,100,400.702
400990,789,0,0,0,-45.0,11.75,18,100,400.99
401566,791,0,0,0,-47.0,10.75,18,100,401.566
402141,793,0,0,0,-59.0,9.75,18,100,402.141
402429,794,0,0,0,-47.0,11.75,18,100,402.429
402717,795,0,0,0,-44.0,11.5,18,100,402.717
403025,796,0,0,0,-49.0,10.5,18,100,403.025
403313,797,0,0,0,-44.0,11.5,18,100,403.313
403601,798,0,0,0,-53.0,10.5,18,87,403.601
403939,790,0,0,0,-56.0,10.0,18,87,403.939
404221,792,0,0,0,-51.0,11.0,18,87,404.221
404508,799,0,0,0,-55.0,11.0,18,87,404.508
404796,800,0,0,0,-45.0,11.5,18,87,404.796
405084,801,0,0,0,-44.0,11.75,18,87,405.084
405395,802,0,0,0,-44.0,11.25,18,87,405.395
405683,803,0,0,0,-41.0,11.5,18,87,405.683
405971,804,0,0,0,-41.0,11.0,18,87,405.971
406259,805,0,0,0,-38.0,11.0,18,87,406.259
406546,806,0,0,0,-40.0,11.25,18,87,406.546
406855,807,0,0,0,-45.0,11.75,18,87,406.855
407143,808,0,0,0,-44.0,11.5,18,87,407.143
407431,809,0,0,0,-38.0,11.0,18,87,407.431
407719,810,0,0,0,-38.0,11.5,18,87,407.719
408007,811,0,0,0,-45.0,11.25,18,87,408.007
408294,812,0,0,0,-40.0,12.0,18,100,408.294
408633,813,0,0,0,-46.0,10.5,18,100,408.633
408914,814,0,0,0,-43.0,11.25,18,100,408.914
409225,815,0,0,0,-41.0,10.5,18,100,409.225
410089,818,0,0,0,-43.0,11.5,18,100,410.089
410395,819,0,0,0,-39.0,11.5,18,100,410.395
410683,820,0,0,0,-37.0,11.75,18,100,410.683
410995,821,0,0,0,-35.0,11.0,18,100,410.995
411283,822,0,0,0,-40.0,11.5,18,100,411.283
411571,823,0,0,0,-41.0,11.75,18,100,411.571
411859,824,0,0,0,-38.0,11.0,18,100,411.859
412147,825,0,0,0,-39.0,11.75,18,100,412.147
412434,826,0,0,0,-39.0,11.5,18,100,412.434
412722,827,0,0,0,-39.0,12.0,18,100,412.722
413010,828,0,0,0,-38.0,11.5,18,87,413.01
413385,816,0,0,0,-59.0,2.0,18,87,413.385
413954,829,0,0,0,-56.0,9.25,18,87,413.954
414242,830,0,0,0,-53.0,11.5,18,87,414.242
414843,832,0,0,0,-49.0,10.5,18,87,414.843
415131,833,0,0,0,-43.0,11.5,18,87,415.131
415445,834,0,0,0,-51.0,11.25,18,87,415.445
415733,835,0,0,0,-40.0,11.25,18,87,415.733
416021,836,0,0,0,-41.0,11.75,18,87,416.021
416309,837,0,0,0,-39.0,11.75,18,87,416.309
416596,838,0,0,0,-48.0,11.25,18,87,416.596
416884,839,0,0,0,-40.0,11.5,18,87,416.884
417460,841,0,0,0,-50.0,11.0,18,87,417.46
417775,842,0,0,0,-43.0,11.5,18,81,417.775
418113,817,0,0,0,-47.0,11.75,18,81,418.113
418395,831,0,0,0,-43.0,11.75,18,81,418.395
418683,840,0,0,0,-51.0,11.0,18,81,418.683
418995,843,0,0,0,-45.0,11.0,18,81,418.995
419283,844,0,0,0,-44.0,11.5,18,81,419.283
419571,845,0,0,0,-42.0,11.0,18,81,419.571
419859,846,0,0,0,-44.0,11.75,18,81,419.859
420146,847,0,0,0,-53.0,11.5,18,81,420.146
420434,848,0,0,0,-47.0,11.25,18,81,420.434
420722,849,0,0,0,-42.0,12.0,18,81,420.722
421010,850,0,0,0,-51.0,11.0,18,81,421.01
421298,851,0,0,0,-46.0,11.0,18,81,421.298
421585,852,0,0,0,-49.0,11.25,18,81,421.585
421873,853,0,0,0,-43.0,12.25,18,81,421.873
422161,854,0,0,0,-45.0,12.0,18,81,422.161
422449,855,0,0,0,-47.0,11.5,18,100,422.449
422845,856,0,0,0,-43.0,11.75,18,100,422.845
423126,857,0,0,0,-42.0,11.75,18,100,423.126
423414,858,0,0,0,-47.0,11.5,18,100,423.414
423702,859,0,0,0,-45.0,11.25,18,100,423.702
423990,860,0,0,0,-48.0,10.75,18,100,423.99
424278,861,0,0,0,-49.0,10.25,18,100,424.278
424565,862,0,0,0,-56.0,9.25,18,100,424.565
424853,863,0,0,0,-46.0,11.5,18,100,424.853
425141,864,0,0,0,-44.0,12.0,18,100,425.141
425429,865,0,0,0,-48.0,12.25,18,100,425.429
426005,867,0,0,0,-48.0,11.5,18,100,426.005
426292,868,0,0,0,-50.0,10.25,18,100,426.292
426580,869,0,0,0,-47.0,10.75,18,100,426.58
426868,870,0,0,0,-50.0,10.5,18,100,426.868
427156,871,0,0,0,-48.0,11.5,18,93,427.156
427494,866,0,0,0,-55.0,10.75,18,93,427.494
428064,873,0,0,0,-49.0,11.75,18,93,428.064
428351,874,0,0,0,-54.0,11.0,18,93,428.351
428639,875,0,0,0,-47.0,11.75,18,93,428.639
428927,876,0,0,0,-44.0,11.25,18,93,428.927
429525,878,0,0,0,-46.0,11.25,18,93,429.525
429813,879,0,0,0,-47.0,11.5,18,93,429.813
430101,880,0,0,0,-56.0,10.25,18,93,430.101
430389,881,0,0,0,-49.0,11.0,18,93,430.389
430677,882,0,0,0,-50.0,10.5,18,93,430.677
430964,883,0,0,0,-46.0,11.0,18,93,430.964
431252,884,0,0,0,-47.0,11.75,18,93,431.252
431540,885,0,0,0,-43.0,11.25,18,93,431.54
431828,886,0,0,0,-45.0,11.5,18,87,431.828
432175,872,0,0,0,-40.0,12.0,18,87,432.175
432457,877,0,0,0,-41.0,12.0,18,87,432.457
432744,887,0,0,0,-49.0,11.25,18,87,432.744
433032,888,0,0,0,-46.0,10.75,18,87,433.032
433320,889,0,0,0,-43.0,10.5,18,87,433.32
433608,890,0,0,0,-42.0,11.25,18,87,433.608
433895,891,0,0,0,-48.0,11.25,18,87,433.895
434183,892,0,0,0,-48.0,11.25,18,87,434.183
434471,893,0,0,0,-51.0,10.75,18,87,434.471
434759,894,0,0,0,-45.0,11.25,18,87,434.759
435047,895,0,0,0,-63.0,7.5,18,87,435.047
435622,897,0,0,0,-55.0,10.0,18,87,435.622
435910,898,0,0,0,-50.0,11.0,18,87,435.91
436198,899,0,0,0,-47.0,10.5,18,87,436.198
436486,900,0,0,0,-47.0,10.5,18,93,436.486
436824,896,0,0,0,-42.0,11.0,18,93,436.824
437106,901,0,0,0,-42.0,11.25,18,93,437.106
437393,902,0,0,0,-42.0,11.5,18,93,437.393
437681,903,0,0,0,-48.0,11.75,18,93,437.681
437969,904,0,0,0,-42.0,12.75,18,93,437.969
438257,905,0,0,0,-44.0,11.75,18,93,438.257
438545,906,0,0,0,-45.0,11.25,18,93,438.545
438832,907,0,0,0,-43.0,10.75,18,93,438.832
439120,908,0,0,0,-45.0,11.25,18,93,439.12
439408,909,0,0,0,-46.0,10.75,18,93,439.408
439696,910,0,0,0,-45.0,11.25,18,93,439.696
439984,911,0,0,0,-43.0,10.75,18,93,439.984
440272,912,0,0,0,-43.0,11.0,18,93,440.272
440559,913,0,0,0,-42.0,11.5,18,93,440.559
440847,914,0,0,0,-42.0,11.25,18,93,440.847
441135,915,0,0,0,-43.0,12.0,18,100,441.135
441473,916,0,0,0,-44.0,11.5,18,100,441.473
441755,917,0,0,0,-41.0,11.25,18,100,441.755
442043,918,0,0,0,-40.0,11.5,18,100,442.043
442330,919,0,0,0,-40.0,11.75,18,100,442.33
442618,920,0,0,0,-40.0,11.75,18,100,442.618
442906,921,0,0,0,-40.0,11.5,18,100,442.906
443194,922,0,0,0,-41.0,10.75,18,100,443.194
443482,923,0,0,0,-43.0,11.5,18,100,443.482
443769,924,0,0,0,-50.0,11.5,18,100,443.769
444057,925,0,0,0,-44.0,12.0,18,100,444.057
444345,926,0,0,0,-53.0,9.25,18,100,444.345
444633,927,0,0,0,-44.0,11.5,18,100,444.633
444921,928,0,0,0,-48.0,11.75,18,100,444.921
445208,929,0,0,0,-54.0,10.75,18,100,445.208
445515,930,0,0,0,-49.0,12.0,18,100,445.515
445803,931,0,0,0,-54.0,11.75,18,100,445.803
446141,932,0,0,0,-49.0,10.5,18,100,446.141
446423,933,0,0,0,-45.0,11.0,18,100,446.423
446711,934,0,0,0,-46.0,11.25,18,100,446.711
446999,935,0,0,0,-45.0,10.5,18,100,446.999
447286,936,0,0,0,-45.0,10.75,18,100,447.286
447574,937,0,0,0,-46.0,10.25,18,100,447.574
447862,938,0,0,0,-51.0,11.5,18,100,447.862
448150,939,0,0,0,-53.0,6.75,18,100,448.15
448437,940,0,0,0,-48.0,11.75,18,100,448.437
449013,942,0,0,0,-44.0,11.25,18,100,449.013
449301,943,0,0,0,-49.0,11.5,18,100,449.301
449589,944,0,0,0,-54.0,11.5,18,100,449.589
449877,945,0,0,0,-49.0,11.25,18,100,449.877
450164,946,0,0,0,-50.0,10.25,18,100,450.164
450475,947,0,0,0,-47.0,11.5,18,93,450.475
450813,941,0,0,0,-45.0,11.25,18,93,450.813
451095,948,0,0,0,-50.0,11.5,18,93,451.095
451383,949,0,0,0,-47.0,10.5,18,93,451.383
451671,950,0,0,0,-50.0,10.5,18,93,451.671
451959,951,0,0,0,-54.0,10.25,18,93,451.959
452534,953,0,0,0,-55.0,9.25,18,93,452.534
452845,954,0,0,0,-54.0,10.25,18,93,452.845
453133,955,0,0,0,-51.0,10.25,18,93,453.133
453421,956,0,0,0,-48.0,11.0,18,93,453.421
453709,957,0,0,0,-51.0,11.0,18,93,453.709
453997,958,0,0,0,-50.0,11.0,18,93,453.997
454284,959,0,0,0,-48.0,11.0,18,93,454.284
454572,960,0,0,0,-43.0,11.5,18,93,454.572
454860,961,0,0,0,-47.0,11.5,18,93,454.86
455175,962,0,0,0,-42.0,11.5,18,93,455.175
455513,952,0,0,0,-45.0,10.75,18,93,455.513
455795,963,0,0,0,-44.0,12.0,18,93,455.795
456083,964,0,0,0,-46.0,10.25,18,93,456.083
456371,965,0,0,0,-41.0,11.0,18,93,456.371
456659,966,0,0,0,-41.0,11.75,18,93,456.659
456946,967,0,0,0,-45.0,12.0,18,93,456.946
457234,968,0,0,0,-39.0,11.25,18,93,457.234
457545,969,0,0,0,-49.0,11.5,18,93,457.545
457833,970,0,0,0,-42.0,10.75,18,93,457.833
458121,971,0,0,0,-44.0,11.25,18,93,458.121
458409,972,0,0,0,-41.0,11.0,18,93,458.409
458696,973,0,0,0,-43.0,10.75,18,93,458.696
458984,974,0,0,0,-54.0,9.5,18,93,458.984
459295,975,0,0,0,-48.0,11.75,18,93,459.295
459583,976,0,0,0,-43.0,11.0,18,93,459.583
459871,977,0,0,0,-46.0,11.25,18,100,459.871
460209,978,0,0,0,-41.0,11.5,18,100,460.209
460491,979,0,0,0,-42.0,12.5,18,100,460.491
460779,980,0,0,0,-48.0,11.5,18,100,460.779
461066,981,0,0,0,-46.0,11.75,18,100,461.066
461354,982,0,0,0,-44.0,10.75,18,100,461.354
461642,983,0,0,0,-40.0,11.0,18,100,461.642
461930,984,0,0,0,-43.0,12.5,18,100,461.93
462218,985,0,0,0,-44.0,11.75,18,100,462.218
462505,986,0,0,0,-45.0,12.0,18,100,462.505
462793,987,0,0,0,-47.0,11.25,18,100,462.793
463081,988,0,0,0,-38.0,11.25,18,100,463.081
463369,989,0,0,0,-41.0,11.25,18,100,463.369
463657,990,0,0,0,-40.0,12.0,18,100,463.657
463985,991,0,0,0,-50.0,10.0,18,100,463.985
464273,992,0,0,0,-41.0,11.5,18,100,464.273
464561,993,0,0,0,-45.0,12.25,18,100,464.561
464899,994,0,0,0,-43.0,10.75,18,100,464.899
465181,995,0,0,0,-44.0,12.0,18,100,465.181
465469,996,0,0,0,-46.0,11.5,18,100,465.469
465757,997,0,0,0,-44.0,11.25,18,100,465.757
466044,998,0,0,0,-49.0,12.0,18,100,466.044
466355,999,0,0,0,-52.0,12.25,18,100,466.355
466643,1000,0,0,0,-49.0,12.0,18,100,466.643
466931,1001,0,0,0,-50.0,11.5,18,100,466.931
467219,1002,0,0,0,-46.0,10.75,18,100,467.219
467506,1003,0,0,0,-47.0,10.75,18,100,467.506
467794,1004,0,0,0,-45.0,11.75,18,100,467.794
468082,1005,0,0,0,-49.0,12.0,18,100,468.082
468370,1006,0,0,0,-48.0,11.0,18,100,468.37
468658,1007,0,0,0,-50.0,11.25,18,100,468.658
468946,1008,0,0,0,-47.0,10.75,18,100,468.946
469233,1009,0,0,0,-53.0,10.25,18,100,469.233
469572,1010,0,0,0,-63.0,7.0,18,100,469.572
469853,1011,0,0,0,-56.0,10.75,18,100,469.853
470141,1012,0,0,0,-46.0,11.25,18,100,470.141
470429,1013,0,0,0,-42.0,11.75,18,100,470.429
470745,1014,0,0,0,-43.0,11.5,18,100,470.745
471033,1015,0,0,0,-49.0,11.0,18,100,471.033
471321,1016,0,0,0,-42.0,11.75,18,100,471.321
471609,1017,0,0,0,-47.0,11.5,18,100,471.609
471896,1018,0,0,0,-46.0,10.75,18,100,471.896
472184,1019,0,0,0,-43.0,11.75,18,100,472.184
472472,1020,0,0,0,-39.0,11.75,18,100,472.472
472760,1021,0,0,0,-41.0,11.25,18,100,472.76
473048,1022,0,0,0,-42.0,11.0,18,100,473.048
473336,1023,0,0,0,-42.0,11.5,18,100,473.336
473623,1024,0,0,0,-41.0,11.25,18,100,473.623
473935,1025,0,0,0,-44.0,11.5,18,100,473.935
474274,1026,0,0,0,-42.0,11.25,18,100,474.274
474555,1027,0,0,0,-45.0,11.25,18,100,474.555
474843,1028,0,0,0,-43.0,10.75,18,100,474.843
475131,1029,0,0,0,-44.0,10.75,18,100,475.131
475419,1030,0,0,0,-46.0,11.0,18,100,475.419
475707,1031,0,0,0,-44.0,11.5,18,100,475.707
475994,1032,0,0,0,-46.0,11.25,18,100,475.994
476282,1033,0,0,0,-48.0,10.25,18,100,476.282
476570,1034,0,0,0,-47.0,11.5,18,100,476.57
476858,1035,0,0,0,-46.0,10.75,18,100,476.858
477146,1036,0,0,0,-50.0,11.75,18,100,477.146
477433,1037,0,0,0,-42.0,11.25,18,100,477.433
477721,1038,0,0,0,-48.0,11.0,18,100,477.721
478009,1039,0,0,0,-48.0,10.75,18,100,478.009
478297,1040,0,0,0,-45.0,11.5,18,100,478.297
478585,1041,0,0,0,-54.0,11.25,18,100,478.585
478923,1042,0,0,0,-59.0,9.0,18,100,478.923
479205,1043,0,0,0,-49.0,10.5,18,100,479.205
479492,1044,0,0,0,-46.0,11.0,18,100,479.492
479780,1045,0,0,0,-49.0,11.0,18,100,479.78
480068,1046,0,0,0,-49.0,11.5,18,100,480.068
480356,1047,0,0,0,-55.0,10.25,18,100,480.356
480931,1049,0,0,0,-50.0,10.5,18,100,480.931
481219,1050,0,0,0,-56.0,9.75,18,100,481.219
481507,1051,0,0,0,-48.0,11.0,18,100,481.507
481795,1052,0,0,0,-49.0,11.5,18,100,481.795
482083,1053,0,0,0,-46.0,11.25,18,100,482.083
482371,1054,0,0,0,-43.0,11.5,18,100,482.371
482658,1055,0,0,0,-49.0,11.0,18,100,482.658
482946,1056,0,0,0,-50.0,10.25,18,100,482.946
483255,1057,0,0,0,-48.0,10.75,18,93,483.255
483593,1048,0,0,0,-45.0,11.5,18,93,483.593
483875,1058,0,0,0,-42.0,11.5,18,93,483.875
484163,1059,0,0,0,-48.0,10.25,18,93,484.163
484451,1060,0,0,0,-51.0,11.0,18,93,484.451
484739,1061,0,0,0,-51.0,11.75,18,93,484.739
485026,1062,0,0,0,-44.0,11.5,18,93,485.026
485602,1064,0,0,0,-49.0,10.75,18,93,485.602
486178,1066,0,0,0,-49.0,11.0,18,93,486.178
486465,1067,0,0,0,-48.0,11.75,18,93,486.465
486753,1068,0,0,0,-51.0,10.5,18,93,486.753
487041,1069,0,0,0,-48.0,11.5,18,93,487.041
487329,1070,0,0,0,-41.0,10.75,18,93,487.329
487617,1071,0,0,0,-44.0,12.25,18,93,487.617
487904,1072,0,0,0,-47.0,9.25,18,87,487.904
488243,1063,0,0,0,-46.0,10.5,18,87,488.243
488524,1065,0,0,0,-50.0,10.5,18,87,488.524
488812,1073,0,0,0,-51.0,11.0,18,87,488.812
489100,1074,0,0,0,-61.0,8.25,18,87,489.1
489388,1075,0,0,0,-49.0,11.5,18,87,489.388
489675,1076,0,0,0,-46.0,11.5,18,87,489.675
489963,1077,0,0,0,-47.0,12.5,18,87,489.963
490275,1078,0,0,0,-47.0,11.0,18,87,490.275
490563,1079,0,0,0,-49.0,11.0,18,87,490.563
490851,1080,0,0,0,-48.0,11.25,18,87,490.851
491139,1081,0,0,0,-50.0,10.5,18,87,491.139
491426,1082,0,0,0,-59.0,8.75,18,87,491.426
491714,1083,0,0,0,-50.0,11.25,18,87,491.714
492002,1084,0,0,0,-45.0,11.0,18,87,492.002
492290,1085,0,0,0,-49.0,10.75,18,87,492.29
492578,1086,0,0,0,-46.0,11.25,18,100,492.578
493204,1088,0,0,0,-46.0,10.75,18,100,493.204
493486,1089,0,0,0,-56.0,9.25,18,100,493.486
493773,1090,0,0,0,-46.0,11.5,18,100,493.773
494061,1091,0,0,0,-53.0,9.5,18,100,494.061
494349,1092,0,0,0,-50.0,11.0,18,100,494.349
494637,1093,0,0,0,-54.0,10.5,18,100,494.637
494925,1094,0,0,0,-47.0,11.25,18,100,494.925
495212,1095,0,0,0,-50.0,10.75,18,100,495.212
495500,1096,0,0,0,-53.0,10.75,18,100,495.5
495788,1097,0,0,0,-45.0,11.0,18,100,495.788
496076,1098,0,0,0,-48.0,10.75,18,100,496.076
496364,1099,0,0,0,-47.0,11.25,18,100,496.364
496652,1100,0,0,0,-50.0,10.75,18,100,496.652
497227,1102,0,0,0,-53.0,10.25,18,87,497.227
497565,1087,0,0,0,-48.0,11.75,18,87,497.565
497847,1101,0,0,0,-45.0,10.5,18,87,497.847
498135,1103,0,0,0,-48.0,12.25,18,87,498.135
498423,1104,0,0,0,-52.0,10.75,18,87,498.423
498711,1105,0,0,0,-50.0,10.5,18,87,498.711
498998,1106,0,0,0,-60.0,8.25,18,87,498.998
499286,1107,0,0,0,-55.0,10.5,18,87,499.286
499574,1108,0,0,0,-48.0,11.5,18,87,499.574
499862,1109,0,0,0,-48.0,11.0,18,87,499.862
500150,1110,0,0,0,-43.0,11.5,18,87,500.15
500437,1111,0,0,0,-48.0,11.5,18,87,500.437
500725,1112,0,0,0,-43.0,11.25,18,87,500.725
501013,1113,0,0,0,-43.0,11.5,18,87,501.013
501301,1114,0,0,0,-48.0,11.0,18,87,501.301
501589,1115,0,0,0,-47.0,11.0,18,87,501.589
501876,1116,0,0,0,-44.0,11.0,18,100,501.876
502241,1117,0,0,0,-48.0,11.5,18,100,502.241
502523,1118,0,0,0,-47.0,11.25,18,100,502.523
502811,1119,0,0,0,-49.0,9.25,18,100,502.811
503125,1120,0,0,0,-49.0,11.25,18,100,503.125
503701,1122,0,0,0,-47.0,11.25,18,100,503.701
504276,1124,0,0,0,-46.0,12.5,18,100,504.276
504564,1125,0,0,0,-44.0,11.25,18,100,504.564
504875,1126,0,0,0,-55.0,10.5,18,100,504.875
505163,1127,0,0,0,-49.0,11.25,18,100,505.163
505451,1128,0,0,0,-45.0,11.25,18,100,505.451
505739,1129,0,0,0,-53.0,10.75,18,100,505.739
506314,1131,0,0,0,-50.0,11.25,18,100,506.314
506602,1132,0,0,0,-49.0,11.75,18,81,506.602
506940,1121,0,0,0,-50.0,12.25,18,81,506.94
507222,1123,0,0,0,-53.0,11.25,18,81,507.222
507510,1130,0,0,0,-66.0,7.5,18,81,507.51
507865,1133,0,0,0,-46.0,11.25,18,81,507.865
508153,1134,0,0,0,-51.0,11.0,18,81,508.153
508441,1135,0,0,0,-48.0,11.25,18,81,508.441
509016,1137,0,0,0,-53.0,10.25,18,81,509.016
509304,1138,0,0,0,-44.0,11.75,18,81,509.304
509592,1139,0,0,0,-46.0,11.0,18,81,509.592
509905,1140,0,0,0,-46.0,11.5,18,81,509.905
510193,1141,0,0,0,-44.0,11.0,18,81,510.193
510481,1142,0,0,0,-49.0,11.0,18,81,510.481
510769,1143,0,0,0,-49.0,12.0,18,81,510.769
511057,1144,0,0,0,-47.0,12.0,18,81,511.057
511344,1145,0,0,0,-47.0,11.75,18,93,511.344
511683,1136,0,0,0,-45.0,11.5,18,93,511.683
511964,1146,0,0,0,-45.0,12.25,18,93,511.964
512252,1147,0,0,0,-45.0,10.5,18,93,512.252
512540,1148,0,0,0,-47.0,11.5,18,93,512.54
512828,1149,0,0,0,-44.0,11.0,18,93,512.828
513116,1150,0,0,0,-44.0,11.25,18,93,513.116
513403,1151,0,0,0,-50.0,11.0,18,93,513.403
513715,1152,0,0,0,-50.0,10.25,18,93,513.715
514003,1153,0,0,0,-46.0,10.75,18,93,514.003
514291,1154,0,0,0,-47.0,11.0,18,93,514.291
514605,1155,0,0,0,-46.0,11.0,18,93,514.605
514893,1156,0,0,0,-47.0,11.5,18,93,514.893
515181,1157,0,0,0,-53.0,11.0,18,93,515.181
515469,1158,0,0,0,-58.0,10.5,18,93,515.469
515775,1159,0,0,0,-51.0,11.5,18,93,515.775
516063,1160,0,0,0,-58.0,3.25,18,100,516.063
516401,1161,0,0,0,-52.0,10.75,18,100,516.401
516683,1162,0,0,0,-62.0,11.0,18,100,516.683
516995,1163,0,0,0,-57.0,7.5,18,100,516.995
517881,1166,0,0,0,-47.0,11.25,18,100,517.881
518169,1167,0,0,0,-60.0,10.75,18,100,518.169
518456,1168,0,0,0,-51.0,11.5,18,100,518.456
518744,1169,0,0,0,-61.0,6.75,18,100,518.744
519032,1170,0,0,0,-50.0,10.5,18,100,519.032
519365,1171,0,0,0,-47.0,11.0,18,100,519.365
519675,1172,0,0,0,-49.0,12.0,18,100,519.675
519985,1173,0,0,0,-50.0,11.0,18,100,519.985
520273,1174,0,0,0,-49.0,11.75,18,100,520.273
520561,1175,0,0,0,-51.0,11.75,18,100,520.561
521956,1176,0,0,0,-49.0,10.75,18,87,521.956
522294,1164,0,0,0,-47.0,11.0,18,87,522.294
522883,1177,0,0,0,-47.0,11.5,18,87,522.883
523171,1178,0,0,0,-50.0,11.25,18,87,523.171
523459,1179,0,0,0,-51.0,11.25,18,87,523.459
523765,1180,0,0,0,-46.0,11.5,18,87,523.765
524053,1181,0,0,0,-53.0,11.0,18,87,524.053
524341,1182,0,0,0,-51.0,7.75,18,87,524.341
524629,1183,0,0,0,-55.0,11.5,18,87,524.629
524916,1184,0,0,0,-54.0,10.75,18,87,524.916
525204,1185,0,0,0,-44.0,11.0,18,87,525.204
525492,1186,0,0,0,-56.0,10.75,18,87,525.492
526068,1188,0,0,0,-58.0,8.5,18,87,526.068
526356,1189,0,0,0,-48.0,11.0,18,87,526.356
526643,1190,0,0,0,-60.0,9.25,18,87,526.643
526981,1165,0,0,0,-56.0,11.0,18,87,526.981
527551,1191,0,0,0,-54.0,11.25,18,87,527.551
527839,1192,0,0,0,-52.0,11.5,18,87,527.839
528127,1193,0,0,0,-61.0,10.0,18,87,528.127
528414,1194,0,0,0,-55.0,11.75,18,87,528.414
528990,1196,0,0,0,-53.0,10.75,18,87,528.99
529278,1197,0,0,0,-50.0,11.0,18,87,529.278
529566,1198,0,0,0,-47.0,13.0,18,87,529.566
529853,1199,0,0,0,-48.0,11.0,18,87,529.853
530165,1200,0,0,0,-48.0,11.75,18,87,530.165
530453,1201,0,0,0,-51.0,10.5,18,87,530.453
530741,1202,0,0,0,-55.0,9.5,18,87,530.741
531029,1203,0,0,0,-55.0,10.0,18,87,531.029
531316,1204,0,0,0,-56.0,9.0,18,87,531.316
531655,1187,0,0,0,-56.0,10.75,18,87,531.655
531936,1195,0,0,0,-54.0,9.75,18,87,531.936
532224,1205,0,0,0,-53.0,10.25,18,87,532.224
532512,1206,0,0,0,-52.0,10.25,18,87,532.512
532845,1207,0,0,0,-52.0,10.5,18,87,532.845
533133,1208,0,0,0,-53.0,10.75,18,87,533.133
533465,1209,0,0,0,-53.0,10.75,18,87,533.465
533753,1210,0,0,0,-53.0,10.5,18,87,533.753
534041,1211,0,0,0,-53.0,11.0,18,87,534.041
534329,1212,0,0,0,-52.0,11.0,18,87,534.329
534635,1213,0,0,0,-58.0,9.5,18,87,534.635
534923,1214,0,0,0,-63.0,10.0,18,87,534.923
535499,1216,0,0,0,-55.0,10.75,18,87,535.499
535787,1217,0,0,0,-49.0,11.0,18,87,535.787
536075,1218,0,0,0,-55.0,11.0,18,93,536.075
536413,1215,0,0,0,-59.0,10.0,18,93,536.413
536983,1220,0,0,0,-47.0,11.25,18,93,536.983
537315,1221,0,0,0,-46.0,11.5,18,93,537.315
537603,1222,0,0,0,-42.0,11.25,18,93,537.603
537955,1223,0,0,0,-47.0,10.75,18,93,537.955
538243,1224,0,0,0,-51.0,11.75,18,93,538.243
538531,1225,0,0,0,-47.0,11.25,18,93,538.531
538818,1226,0,0,0,-55.0,9.5,18,93,538.818
539106,1227,0,0,0,-46.0,11.25,18,93,539.106
539394,1228,0,0,0,-47.0,11.5,18,93,539.394
539970,1230,0,0,0,-55.0,11.0,18,93,539.97
540258,1231,0,0,0,-44.0,11.0,18,93,540.258
540545,1232,0,0,0,-42.0,11.25,18,93,540.545
540833,1233,0,0,0,-44.0,11.25,18,87,540.833
541171,1219,0,0,0,-42.0,12.0,18,87,541.171
541453,1229,0,0,0,-44.0,10.5,18,87,541.453
541741,1234,0,0,0,-45.0,11.5,18,87,541.741
542029,1235,0,0,0,-42.0,11.25,18,87,542.029
542335,1236,0,0,0,-46.0,11.75,18,87,542.335
542623,1237,0,0,0,-47.0,10.5,18,87,542.623
542955,1238,0,0,0,-52.0,11.5,18,87,542.955
543243,1239,0,0,0,-46.0,11.0,18,87,543.243
543531,1240,0,0,0,-46.0,11.25,18,87,543.531
543819,1241,0,0,0,-41.0,10.25,18,87,543.819
544107,1242,0,0,0,-39.0,11.25,18,87,544.107
544394,1243,0,0,0,-40.0,10.75,18,87,544.394
544682,1244,0,0,0,-44.0,11.25,18,87,544.682
544970,1245,0,0,0,-43.0,12.75,18,87,544.97
545258,1246,0,0,0,-42.0,11.5,18,87,545.258
545565,1247,0,0,0,-47.0,11.5,18,100,545.565
545915,1248,0,0,0,-46.0,11.5,18,100,545.915
546197,1249,0,0,0,-55.0,10.25,18,100,546.197
546484,1250,0,0,0,-48.0,11.25,18,100,546.484
546772,1251,0,0,0,-43.0,11.75,18,100,546.772
547060,1252,0,0,0,-44.0,11.75,18,100,547.06
547348,1253,0,0,0,-49.0,10.5,18,100,547.348
547636,1254,0,0,0,-50.0,11.0,18,100,547.636
547923,1255,0,0,0,-56.0,9.25,18,100,547.923
548211,1256,0,0,0,-53.0,11.25,18,100,548.211
548499,1257,0,0,0,-50.0,12.25,18,100,548.499
548815,1258,0,0,0,-45.0,11.25,18,100,548.815
549103,1259,0,0,0,-47.0,11.5,18,100,549.103
549391,1260,0,0,0,-48.0,10.0,18,100,549.391
549679,1261,0,0,0,-52.0,11.25,18,100,549.679
549966,1262,0,0,0,-56.0,9.25,18,100,549.966
550254,1263,0,0,0,-59.0,9.25,18,100,550.254
550592,1264,0,0,0,-65.0,10.25,18,100,550.592
550874,1265,0,0,0,-52.0,10.75,18,100,550.874
551162,1266,0,0,0,-53.0,11.0,18,100,551.162
551450,1267,0,0,0,-53.0,10.5,18,100,551.45
551785,1268,0,0,0,-50.0,11.25,18,100,551.785
552073,1269,0,0,0,-67.0,-4.25,18,100,552.073
552673,1271,0,0,0,-60.0,10.75,18,100,552.673
552961,1272,0,0,0,-53.0,12.0,18,100,552.961
553249,1273,0,0,0,-70.0,8.75,18,100,553.249
553537,1274,0,0,0,-57.0,11.75,18,100,553.537
553824,1275,0,0,0,-60.0,10.75,18,100,553.824
554112,1276,0,0,0,-58.0,12.25,18,100,554.112
554465,1277,0,0,0,-55.0,11.25,18,100,554.465
554753,1278,0,0,0,-60.0,10.75,18,100,554.753
555065,1279,0,0,0,-52.0,11.5,18,93,555.065
555403,1270,0,0,0,-61.0,9.25,18,93,555.403
555685,1280,0,0,0,-69.0,7.25,18,93,555.685
555973,1281,0,0,0,-59.0,11.0,18,93,555.973
556549,1283,0,0,0,-51.0,11.5,18,93,556.549
556836,1284,0,0,0,-53.0,11.0,18,93,556.836
557145,1285,0,0,0,-58.0,10.75,18,93,557.145
557433,1286,0,0,0,-61.0,8.5,18,93,557.433
557721,1287,0,0,0,-66.0,9.5,18,93,557.721
558009,1288,0,0,0,-64.0,11.5,18,93,558.009
558895,1291,0,0,0,-56.0,11.0,18,93,558.895
559471,1293,0,0,0,-55.0,10.5,18,93,559.471
559785,1294,0,0,0,-62.0,11.5,18,75,559.785
560123,1282,0,0,0,-59.0,11.0,18,75,560.123
560405,1289,0,0,0,-61.0,11.25,18,75,560.405
560693,1290,0,0,0,-59.0,10.75,18,75,560.693
560981,1292,0,0,0,-55.0,11.25,18,75,560.981
561269,1295,0,0,0,-53.0,10.75,18,75,561.269
561556,1296,0,0,0,-56.0,4.5,18,75,561.556
563043,1301,0,0,0,-66.0,9.0,18,75,563.043
563619,1303,0,0,0,-58.0,9.0,18,75,563.619
563945,1304,0,0,0,-57.0,12.0,18,75,563.945
564233,1305,0,0,0,-66.0,3.5,18,75,564.233
564565,1306,0,0,0,-63.0,11.5,18,68,564.565
564903,1297,0,0,0,-59.0,9.5,18,68,564.903
565185,1298,0,0,0,-57.0,10.25,18,68,565.185
565473,1299,0,0,0,-54.0,11.25,18,68,565.473
565761,1300,0,0,0,-64.0,7.25,18,68,565.761
566049,1302,0,0,0,-59.0,11.25,18,68,566.049
566624,1308,0,0,0,-70.0,8.5,18,68,566.624
566912,1309,0,0,0,-62.0,11.5,18,68,566.912
567200,1310,0,0,0,-58.0,9.75,18,68,567.2
567515,1311,0,0,0,-58.0,10.75,18,68,567.515
567803,1312,0,0,0,-58.0,12.25,18,68,567.803
568091,1313,0,0,0,-55.0,12.25,18,68,568.091
568379,1314,0,0,0,-54.0,10.5,18,68,568.379
568666,1315,0,0,0,-59.0,10.25,18,68,568.666
568954,1316,0,0,0,-53.0,11.25,18,68,568.954
570356,1317,0,0,0,-55.0,9.5,18,93,570.356
570982,1318,0,0,0,-59.0,7.25,18,93,570.982
571263,1319,0,0,0,-51.0,11.0,18,93,571.263
571551,1320,0,0,0,-62.0,6.0,18,93,571.551
571839,1321,0,0,0,-66.0,5.0,18,93,571.839
572127,1322,0,0,0,-57.0,9.25,18,93,572.127
572415,1323,0,0,0,-56.0,10.5,18,93,572.415
572702,1324,0,0,0,-57.0,9.25,18,93,572.702
572990,1325,0,0,0,-54.0,9.75,18,93,572.99
573278,1326,0,0,0,-56.0,12.0,18,93,573.278
573566,1327,0,0,0,-61.0,11.0,18,93,573.566
573875,1328,0,0,0,-64.0,4.0,18,93,573.875
574163,1329,0,0,0,-64.0,7.0,18,93,574.163
577266,1332,0,0,0,-59.0,11.75,18,81,577.266
577605,1307,0,0,0,-58.0,11.75,18,81,577.605
577886,1330,0,0,0,-56.0,9.75,18,81,577.886
578750,1334,0,0,0,-62.0,7.75,18,81,578.75
579038,1335,0,0,0,-60.0,7.5,18,81,579.038
579326,1336,0,0,0,-57.0,10.5,18,81,579.326
579901,1338,0,0,0,-60.0,8.0,18,81,579.901
580477,1340,0,0,0,-60.0,9.5,18,81,580.477
580765,1341,0,0,0,-65.0,11.25,18,81,580.765
581053,1342,0,0,0,-57.0,10.5,18,81,581.053
581341,1343,0,0,0,-59.0,11.25,18,81,581.341
581935,1345,0,0,0,-59.0,8.75,18,68,581.935
582273,1331,0,0,0,-62.0,11.75,18,68,582.273
582555,1333,0,0,0,-57.0,10.5,18,68,582.555
583131,1339,0,0,0,-55.0,7.25,18,68,583.131
583418,1344,0,0,0,-56.0,11.25,18,68,583.418
583706,1346,0,0,0,-61.0,11.25,18,68,583.706
583994,1347,0,0,0,-62.0,9.25,18,68,583.994
584282,1348,0,0,0,-56.0,10.5,18,68,584.282
584570,1349,0,0,0,-54.0,11.0,18,68,584.57
584857,1350,0,0,0,-57.0,11.0,18,68,584.857
585145,1351,0,0,0,-59.0,10.5,18,68,585.145
585743,1353,0,0,0,-50.0,11.5,18,68,585.743
586031,1354,0,0,0,-55.0,9.0,18,68,586.031
586319,1355,0,0,0,-58.0,11.25,18,68,586.319
586606,1356,0,0,0,-54.0,11.25,18,87,586.606
586945,1337,0,0,0,-54.0,11.5,18,87,586.945
587226,1352,0,0,0,-49.0,11.0,18,87,587.226
587514,1357,0,0,0,-44.0,11.25,18,87,587.514
587802,1358,0,0,0,-51.0,10.75,18,87,587.802
588378,1360,0,0,0,-58.0,10.0,18,87,588.378
588665,1361,0,0,0,-53.0,11.5,18,87,588.665
588953,1362,0,0,0,-56.0,10.25,18,87,588.953
589241,1363,0,0,0,-56.0,9.75,18,87,589.241
589529,1364,0,0,0,-56.0,8.75,18,87,589.529
589817,1365,0,0,0,-56.0,9.5,18,87,589.817
590104,1366,0,0,0,-49.0,11.0,18,87,590.104
590392,1367,0,0,0,-51.0,11.5,18,87,590.392
590993,1369,0,0,0,-53.0,9.5,18,87,590.993
591281,1370,0,0,0,-59.0,10.5,18,87,591.281
591931,1368,0,0,0,-61.0,8.0,18,87,591.931
592213,1371,0,0,0,-65.0,8.0,18,87,592.213
592501,1372,0,0,0,-52.0,10.5,18,87,592.501
592789,1373,0,0,0,-56.0,12.25,18,87,592.789
593076,1374,0,0,0,-54.0,8.75,18,87,593.076
593652,1376,0,0,0,-51.0,11.25,18,87,593.652
593940,1377,0,0,0,-48.0,10.0,18,87,593.94
594255,1378,0,0,0,-50.0,10.75,18,87,594.255
594831,1380,0,0,0,-56.0,11.0,18,87,594.831
595119,1381,0,0,0,-48.0,12.0,18,87,595.119
595407,1382,0,0,0,-47.0,10.75,18,87,595.407
595715,1383,0,0,0,-56.0,10.25,18,87,595.715
596003,1384,0,0,0,-59.0,8.5,18,81,596.003
596355,1359,0,0,0,-57.0,8.5,18,81,596.355
596636,1375,0,0,0,-58.0,9.0,18,81,596.636
596945,1379,0,0,0,-49.0,11.0,18,81,596.945
597233,1385,0,0,0,-50.0,11.0,18,81,597.233
597521,1386,0,0,0,-50.0,11.25,18,81,597.521
597809,1387,0,0,0,-50.0,11.5,18,81,597.809
598096,1388,0,0,0,-51.0,11.5,18,81,598.096
598384,1389,0,0,0,-55.0,11.0,18,81,598.384
598672,1390,0,0,0,-56.0,9.75,18,81,598.672
599005,1391,0,0,0,-47.0,12.25,18,81,599.005
599293,1392,0,0,0,-47.0,11.25,18,81,599.293
599581,1393,0,0,0,-44.0,11.0,18,81,599.581
599869,1394,0,0,0,-46.0,10.25,18,81,599.869
600175,1395,0,0,0,-43.0,11.25,18,81,600.175
600463,1396,0,0,0,-48.0,11.25,18,81,600.463
600751,1397,0,0,0,-51.0,12.0,18,100,600.751
601089,1398,0,0,0,-49.0,11.0,18,100,601.089
601705,1400,0,0,0,-54.0,11.0,18,100,601.705
601993,1401,0,0,0,-58.0,7.5,18,100,601.993
602281,1402,0,0,0,-55.0,11.75,18,100,602.281
602569,1403,0,0,0,-63.0,9.0,18,100,602.569
602875,1404,0,0,0,-42.0,11.25,18,100,602.875
603163,1405,0,0,0,-47.0,11.75,18,100,603.163
603451,1406,0,0,0,-43.0,11.5,18,100,603.451
603739,1407,0,0,0,-54.0,11.25,18,100,603.739
604026,1408,0,0,0,-49.0,10.75,18,100,604.026
604314,1409,0,0,0,-41.0,10.75,18,100,604.314
604602,1410,0,0,0,-46.0,11.75,18,100,604.602
604890,1411,0,0,0,-58.0,10.75,18,100,604.89
605178,1412,0,0,0,-45.0,11.0,18,100,605.178
605466,1413,0,0,0,-46.0,10.75,18,93,605.466
605804,1399,0,0,0,-51.0,9.0,18,93,605.804
606086,1414,0,0,0,-48.0,10.5,18,93,606.086
606373,1415,0,0,0,-49.0,11.0,18,93,606.373
606661,1416,0,0,0,-52.0,10.5,18,93,606.661
606949,1417,0,0,0,-51.0,11.5,18,93,606.949
607237,1418,0,0,0,-45.0,11.5,18,93,607.237
607525,1419,0,0,0,-51.0,10.5,18,93,607.525
608100,1421,0,0,0,-50.0,11.25,18,93,608.1
608388,1422,0,0,0,-59.0,11.75,18,93,608.388
608676,1423,0,0,0,-55.0,11.5,18,93,608.676
608964,1424,0,0,0,-47.0,11.25,18,93,608.964
609251,1425,0,0,0,-45.0,10.75,18,93,609.251
609539,1426,0,0,0,-49.0,10.5,18,93,609.539
609827,1427,0,0,0,-53.0,10.25,18,93,609.827
610115,1428,0,0,0,-54.0,11.25,18,93,610.115
610453,1420,0,0,0,-47.0,11.75,18,93,610.453
610755,1429,0,0,0,-48.0,11.25,18,93,610.755
611043,1430,0,0,0,-51.0,11.0,18,93,611.043
611331,1431,0,0,0,-50.0,11.5,18,93,611.331
611619,1432,0,0,0,-58.0,10.0,18,93,611.619
611906,1433,0,0,0,-60.0,9.5,18,93,611.906
612194,1434,0,0,0,-61.0,9.5,18,93,612.194
612505,1435,0,0,0,-53.0,10.0,18,93,612.505
612793,1436,0,0,0,-55.0,11.0,18,93,612.793
613081,1437,0,0,0,-48.0,10.5,18,93,613.081
613369,1438,0,0,0,-48.0,11.75,18,93,613.369
613656,1439,0,0,0,-56.0,9.5,18,93,613.656
613944,1440,0,0,0,-52.0,11.25,18,93,613.944
614232,1441,0,0,0,-45.0,11.5,18,93,614.232
614520,1442,0,0,0,-53.0,11.75,18,93,614.52
614808,1443,0,0,0,-48.0,11.25,18,100,614.808
615146,1444,0,0,0,-41.0,11.5,18,100,615.146
615428,1445,0,0,0,-42.0,11.5,18,100,615.428
615735,1446,0,0,0,-48.0,11.25,18,100,615.735
616023,1447,0,0,0,-40.0,11.25,18,100,616.023
616311,1448,0,0,0,-41.0,12.0,18,100,616.311
616599,1449,0,0,0,-43.0,11.25,18,100,616.599
616887,1450,0,0,0,-42.0,11.25,18,100,616.887
617175,1451,0,0,0,-40.0,12.0,18,100,617.175
617463,1452,0,0,0,-45.0,11.5,18,100,617.463
617751,1453,0,0,0,-46.0,11.25,18,100,617.751
618039,1454,0,0,0,-50.0,11.5,18,100,618.039
618326,1455,0,0,0,-60.0,9.5,18,100,618.326
618635,1456,0,0,0,-46.0,11.25,18,100,618.635
618923,1457,0,0,0,-41.0,11.75,18,100,618.923
619211,1458,0,0,0,-45.0,11.75,18,100,619.211
619499,1459,0,0,0,-46.0,11.25,18,100,619.499
619881,1460,0,0,0,-46.0,10.5,18,100,619.881
620163,1461,0,0,0,-49.0,11.0,18,100,620.163
620451,1462,0,0,0,-57.0,11.25,18,100,620.451
620739,1463,0,0,0,-51.0,11.5,18,100,620.739
621026,1464,0,0,0,-47.0,11.75,18,100,621.026
621314,1465,0,0,0,-47.0,10.75,18,100,621.314
621602,1466,0,0,0,-47.0,10.25,18,100,621.602
621890,1467,0,0,0,-67.0,3.25,18,100,621.89
622178,1468,0,0,0,-47.0,11.25,18,100,622.178
622465,1469,0,0,0,-46.0,10.5,18,100,622.465
622753,1470,0,0,0,-54.0,10.5,18,100,622.753
623041,1471,0,0,0,-52.0,10.25,18,100,623.041
623355,1472,0,0,0,-50.0,10.5,18,100,623.355
623643,1473,0,0,0,-48.0,11.0,18,100,623.643
623955,1474,0,0,0,-43.0,11.0,18,100,623.955
624243,1475,0,0,0,-49.0,11.0,18,100,624.243
624581,1476,0,0,0,-45.0,11.0,18,100,624.581
624863,1477,0,0,0,-49.0,11.0,18,100,624.863
625151,1478,0,0,0,-44.0,10.75,18,100,625.151
625439,1479,0,0,0,-63.0,9.5,18,100,625.439
625726,1480,0,0,0,-49.0,11.75,18,100,625.726
626014,1481,0,0,0,-49.0,10.5,18,100,626.014
626302,1482,0,0,0,-52.0,10.0,18,100,626.302
626590,1483,0,0,0,-50.0,11.25,18,100,626.59
626878,1484,0,0,0,-47.0,10.5,18,100,626.878
627165,1485,0,0,0,-63.0,7.5,18,100,627.165
627453,1486,0,0,0,-54.0,10.25,18,100,627.453
627741,1487,0,0,0,-59.0,9.75,18,100,627.741
628029,1488,0,0,0,-47.0,11.0,18,100,628.029
628317,1489,0,0,0,-53.0,11.0,18,100,628.317
628605,1490,0,0,0,-50.0,11.0,18,100,628.605
628892,1491,0,0,0,-46.0,11.5,18,100,628.892
629231,1492,0,0,0,-56.0,9.5,18,100,629.231
629800,1494,0,0,0,-49.0,11.0,18,100,629.8
630088,1495,0,0,0,-51.0,10.25,18,100,630.088
630664,1497,0,0,0,-56.0,10.25,18,100,630.664
630975,1498,0,0,0,-56.0,10.5,18,100,630.975
631263,1499,0,0,0,-52.0,12.0,18,100,631.263
631551,1500,0,0,0,-56.0,10.75,18,100,631.551
631839,1501,0,0,0,-48.0,11.75,18,100,631.839
632126,1502,0,0,0,-58.0,9.75,18,100,632.126
632414,1503,0,0,0,-63.0,10.5,18,100,632.414
632990,1505,0,0,0,-58.0,8.5,18,100,632.99
633278,1506,0,0,0,-62.0,10.5,18,100,633.278
634676,1507,0,0,0,-51.0,10.5,18,81,634.676
635014,1493,0,0,0,-55.0,11.75,18,81,635.014
635296,1496,0,0,0,-52.0,11.5,18,81,635.296
635584,1504,0,0,0,-57.0,11.0,18,81,635.584
635872,1508,0,0,0,-50.0,11.25,18,81,635.872
636159,1509,0,0,0,-56.0,10.25,18,81,636.159
636735,1511,0,0,0,-53.0,9.0,18,81,636.735
637023,1512,0,0,0,-46.0,10.75,18,81,637.023
637311,1513,0,0,0,-53.0,10.75,18,81,637.311
637598,1514,0,0,0,-52.0,10.25,18,81,637.598
637915,1515,0,0,0,-55.0,10.75,18,81,637.915
638203,1516,0,0,0,-56.0,12.0,18,81,638.203
638491,1517,0,0,0,-60.0,2.5,18,81,638.491
638779,1518,0,0,0,-55.0,9.25,18,81,638.779
639066,1519,0,0,0,-51.0,11.0,18,81,639.066
639354,1520,0,0,0,-55.0,11.0,18,93,639.354
639692,1510,0,0,0,-50.0,12.5,18,93,639.692
639974,1521,0,0,0,-48.0,12.25,18,93,639.974
640262,1522,0,0,0,-58.0,11.25,18,93,640.262
640863,1524,0,0,0,-46.0,11.25,18,93,640.863
641151,1525,0,0,0,-64.0,9.0,18,93,641.151
641439,1526,0,0,0,-50.0,10.5,18,93,641.439
641726,1527,0,0,0,-57.0,10.5,18,93,641.726
642014,1528,0,0,0,-53.0,11.75,18,93,642.014
642302,1529,0,0,0,-53.0,10.5,18,93,642.302
642878,1531,0,0,0,-58.0,10.5,18,93,642.878
643453,1533,0,0,0,-51.0,12.25,18,93,643.453
643741,1534,0,0,0,-55.0,10.0,18,93,643.741
644029,1535,0,0,0,-64.0,8.25,18,81,644.029
644367,1523,0,0,0,-54.0,11.5,18,81,644.367
644648,1530,0,0,0,-55.0,10.75,18,81,644.648
644955,1532,0,0,0,-68.0,4.25,18,81,644.955
645243,1536,0,0,0,-50.0,8.0,18,81,645.243
645843,1538,0,0,0,-57.0,11.0,18,81,645.843
646131,1539,0,0,0,-59.0,10.75,18,81,646.131
646419,1540,0,0,0,-56.0,11.25,18,81,646.419
646706,1541,0,0,0,-56.0,11.0,18,81,646.706
647282,1543,0,0,0,-54.0,10.75,18,81,647.282
647595,1544,0,0,0,-51.0,11.25,18,81,647.595
648459,1547,0,0,0,-55.0,11.75,18,81,648.459
648747,1548,0,0,0,-52.0,11.75,18,75,648.747
649085,1537,0,0,0,-61.0,10.0,18,75,649.085
649366,1542,0,0,0,-59.0,8.25,18,75,649.366
649654,1545,0,0,0,-71.0,3.75,18,75,649.654
649942,1546,0,0,0,-63.0,7.25,18,75,649.942
650230,1549,0,0,0,-55.0,8.75,18,75,650.23
650518,1550,0,0,0,-57.0,11.25,18,75,650.518
650806,1551,0,0,0,-58.0,11.25,18,75,650.806
651093,1552,0,0,0,-54.0,10.0,18,75,651.093
651381,1553,0,0,0,-48.0,11.5,18,75,651.381
651695,1554,0,0,0,-54.0,11.25,18,75,651.695
651983,1555,0,0,0,-52.0,8.75,18,75,651.983
652271,1556,0,0,0,-53.0,12.0,18,75,652.271
652559,1557,0,0,0,-53.0,11.75,18,75,652.559
652846,1558,0,0,0,-50.0,11.75,18,75,652.846
653422,1560,0,0,0,-62.0,9.5,18,93,653.422
654536,1560,0,0,0,-67.0,6.0,18,93,654.536
654874,1559,0,0,0,-52.0,10.75,18,93,654.874
655156,1561,0,0,0,-54.0,11.0,18,93,655.156
655444,1562,0,0,0,-47.0,11.75,18,93,655.444
655732,1563,0,0,0,-54.0,11.5,18,93,655.732
656019,1564,0,0,0,-56.0,6.25,18,93,656.019
656595,1566,0,0,0,-50.0,10.0,18,93,656.595
656883,1567,0,0,0,-53.0,11.5,18,93,656.883
657171,1568,0,0,0,-58.0,8.75,18,93,657.171
657459,1569,0,0,0,-62.0,9.0,18,93,657.459
657747,1570,0,0,0,-55.0,10.5,18,93,657.747
658034,1571,0,0,0,-57.0,10.75,18,93,658.034
658322,1572,0,0,0,-59.0,11.0,18,93,658.322
658610,1573,0,0,0,-55.0,11.5,18,93,658.61
658898,1574,0,0,0,-59.0,10.0,18,93,658.898
661406,1575,0,0,0,-53.0,11.25,18,93,661.406
661801,1565,0,0,0,-61.0,8.75,18,93,661.801
662083,1576,0,0,0,-54.0,11.0,18,93,662.083
662371,1577,0,0,0,-53.0,10.75,18,93,662.371
662659,1578,0,0,0,-56.0,10.75,18,93,662.659
662946,1579,0,0,0,-62.0,7.5,18,93,662.946
663234,1580,0,0,0,-59.0,11.75,18,93,663.234
663522,1581,0,0,0,-55.0,10.75,18,93,663.522
663810,1582,0,0,0,-60.0,11.25,18,93,663.81
664098,1583,0,0,0,-54.0,11.25,18,93,664.098
664385,1584,0,0,0,-61.0,10.25,18,93,664.385
664673,1585,0,0,0,-69.0,8.5,18,93,664.673
664961,1586,0,0,0,-58.0,8.25,18,93,664.961
665249,1587,0,0,0,-57.0,10.5,18,93,665.249
665537,1588,0,0,0,-56.0,10.25,18,93,665.537
665824,1589,0,0,0,-66.0,6.75,18,93,665.824
666112,1590,0,0,0,-61.0,10.75,18,100,666.112
667026,1593,0,0,0,-56.0,8.75,18,100,667.026
667308,1594,0,0,0,-59.0,12.0,18,100,667.308
667884,1596,0,0,0,-60.0,9.75,18,100,667.884
668459,1598,0,0,0,-53.0,12.5,18,100,668.459
668747,1599,0,0,0,-62.0,8.75,18,100,668.747
669035,1600,0,0,0,-55.0,12.25,18,100,669.035
669323,1601,0,0,0,-57.0,12.25,18,100,669.323
669611,1602,0,0,0,-58.0,10.75,18,100,669.611
670186,1604,0,0,0,-64.0,10.25,18,100,670.186
670515,1605,0,0,0,-61.0,11.75,18,100,670.515
670825,1606,0,0,0,-65.0,6.25,18,68,670.825
671451,1592,0,0,0,-56.0,8.75,18,68,671.451
671733,1595,0,0,0,-54.0,10.75,18,68,671.733
672021,1597,0,0,0,-62.0,10.25,18,68,672.021
672308,1603,0,0,0,-64.0,11.0,18,68,672.308
672596,1607,0,0,0,-59.0,12.25,18,68,672.596
672884,1608,0,0,0,-54.0,11.75,18,68,672.884
673172,1609,0,0,0,-70.0,8.5,18,68,673.172
673460,1610,0,0,0,-53.0,11.75,18,68,673.46
673747,1611,0,0,0,-61.0,10.25,18,68,673.747
674035,1612,0,0,0,-65.0,11.5,18,68,674.035
674323,1613,0,0,0,-71.0,5.75,18,68,674.323
674635,1614,0,0,0,-54.0,11.75,18,68,674.635
674923,1615,0,0,0,-60.0,5.75,18,68,674.923
675255,1616,0,0,0,-57.0,10.5,18,68,675.255
676656,1617,0,0,0,-52.0,11.0,18,93,676.656
677021,1591,0,0,0,-62.0,7.5,18,93,677.021
677303,1618,0,0,0,-53.0,11.0,18,93,677.303
677591,1619,0,0,0,-64.0,10.25,18,93,677.591
677879,1620,0,0,0,-57.0,12.0,18,93,677.879
678454,1622,0,0,0,-54.0,11.75,18,93,678.454
678742,1623,0,0,0,-54.0,11.75,18,93,678.742
679030,1624,0,0,0,-49.0,12.0,18,93,679.03
679318,1625,0,0,0,-50.0,11.75,18,93,679.318
679605,1626,0,0,0,-50.0,11.25,18,93,679.605
679893,1627,0,0,0,-59.0,11.0,18,93,679.893
680181,1628,0,0,0,-64.0,8.75,18,93,680.181
680469,1629,0,0,0,-55.0,10.5,18,93,680.469
680757,1630,0,0,0,-55.0,11.75,18,93,680.757
681045,1631,0,0,0,-50.0,10.25,18,93,681.045
681332,1632,0,0,0,-56.0,10.5,18,93,681.332
681671,1621,0,0,0,-54.0,10.25,18,93,681.671
681995,1633,0,0,0,-52.0,11.0,18,93,681.995
682283,1634,0,0,0,-47.0,11.25,18,93,682.283
682571,1635,0,0,0,-57.0,11.75,18,93,682.571
682859,1636,0,0,0,-49.0,11.5,18,93,682.859
683146,1637,0,0,0,-52.0,10.75,18,93,683.146
683434,1638,0,0,0,-51.0,10.5,18,93,683.434
683722,1639,0,0,0,-57.0,11.5,18,93,683.722
684035,1640,0,0,0,-53.0,11.75,18,93,684.035
684611,1642,0,0,0,-51.0,11.25,18,93,684.611
684899,1643,0,0,0,-55.0,9.5,18,93,684.899
685186,1644,0,0,0,-56.0,11.0,18,93,685.186
685474,1645,0,0,0,-55.0,10.25,18,93,685.474
686075,1647,0,0,0,-50.0,11.25,18,87,686.075
686413,1641,0,0,0,-54.0,11.0,18,87,686.413
686983,1648,0,0,0,-52.0,11.0,18,87,686.983
687271,1649,0,0,0,-51.0,11.75,18,87,687.271
687559,1650,0,0,0,-57.0,11.5,18,87,687.559
687846,1651,0,0,0,-64.0,9.5,18,87,687.846
688134,1652,0,0,0,-59.0,10.5,18,87,688.134
688422,1653,0,0,0,-59.0,7.0,18,87,688.422
688710,1654,0,0,0,-54.0,10.75,18,87,688.71
688997,1655,0,0,0,-67.0,4.5,18,87,688.997
689285,1656,0,0,0,-54.0,11.25,18,87,689.285
689573,1657,0,0,0,-59.0,11.25,18,87,689.573
689861,1658,0,0,0,-55.0,11.75,18,87,689.861
690149,1659,0,0,0,-55.0,12.25,18,87,690.149
690437,1660,0,0,0,-52.0,11.25,18,87,690.437
690724,1661,0,0,0,-68.0,9.5,18,93,690.724
691063,1646,0,0,0,-64.0,11.0,18,93,691.063
691344,1662,0,0,0,-56.0,11.25,18,93,691.344
691632,1663,0,0,0,-64.0,6.0,18,93,691.632
691920,1664,0,0,0,-59.0,10.25,18,93,691.92
692208,1665,0,0,0,-54.0,11.5,18,93,692.208
692495,1666,0,0,0,-54.0,8.75,18,93,692.495
692805,1667,0,0,0,-66.0,10.25,18,93,692.805
693381,1669,0,0,0,-61.0,10.5,18,93,693.381
693668,1670,0,0,0,-68.0,7.0,18,93,693.668
693956,1671,0,0,0,-59.0,12.0,18,93,693.956
694244,1672,0,0,0,-57.0,11.0,18,93,694.244
694532,1673,0,0,0,-61.0,8.0,18,93,694.532
695108,1675,0,0,0,-57.0,11.0,18,93,695.108
695395,1676,0,0,0,-55.0,11.25,18,87,695.395
696309,1677,0,0,0,-58.0,8.75,18,87,696.309
696905,1679,0,0,0,-62.0,11.25,18,87,696.905
697193,1680,0,0,0,-61.0,9.75,18,87,697.193
697769,1682,0,0,0,-64.0,10.0,18,87,697.769
698056,1683,0,0,0,-56.0,8.75,18,87,698.056
698344,1684,0,0,0,-68.0,6.5,18,87,698.344
698632,1685,0,0,0,-56.0,11.0,18,87,698.632
699208,1687,0,0,0,-61.0,11.75,18,87,699.208
700071,1690,0,0,0,-65.0,9.5,18,56,700.071
700409,1668,0,0,0,-60.0,9.0,18,56,700.409
701575,1686,0,0,0,-57.0,10.75,18,56,701.575
702439,1691,0,0,0,-57.0,11.5,18,56,702.439
703014,1693,0,0,0,-64.0,10.25,18,56,703.014
703613,1695,0,0,0,-62.0,9.5,18,56,703.613
703901,1696,0,0,0,-58.0,9.25,18,56,703.901
704477,1698,0,0,0,-58.0,11.75,18,56,704.477
705876,1699,0,0,0,-53.0,11.5,18,50,705.876
706502,1678,0,0,0,-54.0,10.25,18,50,706.502
706784,1681,0,0,0,-57.0,11.5,18,50,706.784
707360,1689,0,0,0,-62.0,5.75,18,50,707.36
707647,1692,0,0,0,-62.0,8.0,18,50,707.647
707935,1694,0,0,0,-58.0,11.5,18,50,707.935
708511,1700,0,0,0,-62.0,11.0,18,50,708.511
709375,1703,0,0,0,-54.0,10.25,18,50,709.375
709662,1704,0,0,0,-60.0,10.0,18,50,709.662
709950,1705,0,0,0,-59.0,11.75,18,50,709.95
710238,1706,0,0,0,-54.0,10.25,18,50,710.238
710526,1707,0,0,0,-54.0,11.5,18,68,710.526
710864,1674,0,0,0,-52.0,10.75,18,68,710.864
711146,1688,0,0,0,-60.0,11.5,18,68,711.146
711721,1701,0,0,0,-61.0,11.0,18,68,711.721
712009,1702,0,0,0,-57.0,10.75,18,68,712.009
712297,1708,0,0,0,-55.0,10.75,18,68,712.297
712873,1710,0,0,0,-65.0,10.25,18,68,712.873
713160,1711,0,0,0,-57.0,8.25,18,68,713.16
713736,1713,0,0,0,-62.0,11.5,18,68,713.736
714024,1714,0,0,0,-63.0,6.0,18,68,714.024
714312,1715,0,0,0,-56.0,11.75,18,68,714.312
714600,1716,0,0,0,-54.0,10.5,18,68,714.6
714887,1717,0,0,0,-59.0,7.0,18,68,714.887
716286,1718,0,0,0,-63.0,7.5,18,81,716.286
717396,1718,0,0,0,-61.0,6.5,18,81,717.396
717734,1697,0,0,0,-54.0,11.75,18,81,717.734
718016,1709,0,0,0,-59.0,7.5,18,81,718.016
718303,1712,0,0,0,-55.0,12.5,18,81,718.303
718591,1719,0,0,0,-62.0,11.0,18,81,718.591
719167,1721,0,0,0,-61.0,8.25,18,81,719.167
719743,1723,0,0,0,-51.0,10.75,18,81,719.743
720055,1724,0,0,0,-59.0,10.25,18,81,720.055
720631,1726,0,0,0,-53.0,12.5,18,81,720.631
720919,1727,0,0,0,-61.0,11.25,18,81,720.919
721206,1728,0,0,0,-58.0,11.25,18,81,721.206
721782,1730,0,0,0,-55.0,10.5,18,81,721.782
723215,1731,0,0,0,-58.0,11.75,18,75,723.215
723861,1722,0,0,0,-54.0,10.0,18,75,723.861
724143,1725,0,0,0,-61.0,4.75,18,75,724.143
724718,1732,0,0,0,-57.0,9.75,18,75,724.718
725315,1734,0,0,0,-57.0,11.25,18,75,725.315
725603,1735,0,0,0,-53.0,11.75,18,75,725.603
726179,1737,0,0,0,-55.0,11.5,18,75,726.179
726754,1739,0,0,0,-54.0,11.5,18,75,726.754
727065,1740,0,0,0,-50.0,11.25,18,75,727.065
727353,1741,0,0,0,-56.0,12.25,18,75,727.353
727641,1742,0,0,0,-65.0,10.25,18,75,727.641
746449,0,0,0,0,-64.0,9.75,18,100,746.449
747061,2,0,0,0,-62.0,7.25,18,100,747.061
747342,3,0,0,0,-61.0,7.5,18,100,747.342
747630,4,0,0,0,-62.0,6.5,18,100,747.63
747918,5,0,0,0,-58.0,9.5,18,100,747.918
748205,6,0,0,0,-52.0,11.75,18,83,748.205
748543,1,0,0,0,-55.0,10.75,18,83,748.543
748846,7,0,0,0,-58.0,11.5,18,83,748.846
749134,8,0,0,0,-54.0,12.5,18,83,749.134
749421,9,0,0,0,-54.0,11.75,18,83,749.421
749709,10,0,0,0,-54.0,11.75,18,83,749.709
749997,11,0,0,0,-55.0,11.75,18,83,749.997
750284,12,0,0,0,-59.0,11.5,18,83,750.284
750616,13,0,0,0,-64.0,10.25,18,83,750.616
750904,14,0,0,0,-65.0,10.75,18,100,750.904
751242,15,0,0,0,-62.0,0.5,18,100,751.242
751566,16,0,0,0,-62.0,10.25,18,100,751.566
751876,17,0,0,0,-60.0,5.0,18,100,751.876
752186,18,0,0,0,-62.0,11.0,18,100,752.186
752474,19,0,0,0,-62.0,11.0,18,100,752.474
752762,20,0,0,0,-61.0,10.0,18,100,752.762
753076,21,0,0,0,-60.0,10.75,18,100,753.076
753364,22,0,0,0,-57.0,11.0,18,100,753.364
753652,23,0,0,0,-56.0,11.0,18,100,753.652
753939,24,0,0,0,-54.0,10.5,18,100,753.939
754247,25,0,0,0,-55.0,10.75,18,100,754.247
754584,26,0,0,0,-50.0,10.75,18,100,754.584
754866,27,0,0,0,-59.0,8.5,18,100,754.866
755154,28,0,0,0,-71.0,5.25,18,100,755.154
755441,29,0,0,0,-63.0,7.5,18,100,755.441
756017,31,0,0,0,-49.0,11.5,18,100,756.017
756304,32,0,0,0,-55.0,10.75,18,100,756.304
756592,33,0,0,0,-51.0,11.75,18,100,756.592
757455,36,0,0,0,-53.0,10.75,18,100,757.455
757743,37,0,0,0,-60.0,10.25,18,75,757.743
758081,30,0,0,0,-56.0,10.75,18,75,758.081
758362,34,0,0,0,-54.0,10.25,18,75,758.362
758650,35,0,0,0,-55.0,9.25,18,75,758.65
758938,38,0,0,0,-59.0,10.5,18,75,758.938
759226,39,0,0,0,-58.0,12.0,18,75,759.226
759513,40,0,0,0,-67.0,2.0,18,75,759.513
759801,41,0,0,0,-54.0,9.75,18,75,759.801
760376,43,0,0,0,-58.0,12.0,18,75,760.376
760664,44,0,0,0,-59.0,11.5,18,75,760.664
761239,46,0,0,0,-65.0,10.0,18,75,761.239
761527,47,0,0,0,-53.0,11.0,18,75,761.527
761815,48,0,0,0,-63.0,8.25,18,75,761.815
762102,49,0,0,0,-61.0,10.25,18,75,762.102
762390,50,0,0,0,-57.0,10.5,18,87,762.39
763016,45,0,0,0,-55.0,10.5,18,87,763.016
763297,51,0,0,0,-63.0,11.75,18,87,763.297
763872,53,0,0,0,-60.0,11.25,18,87,763.872
764160,54,0,0,0,-60.0,10.75,18,87,764.16
764448,55,0,0,0,-65.0,10.75,18,87,764.448
764735,56,0,0,0,-70.0,1.75,18,87,764.735
765023,57,0,0,0,-69.0,4.25,18,87,765.023
765311,58,0,0,0,-60.0,10.5,18,87,765.311
765599,59,0,0,0,-58.0,10.5,18,87,765.599
765886,60,0,0,0,-60.0,10.5,18,87,765.886
766174,61,0,0,0,-56.0,10.25,18,87,766.174
766462,62,0,0,0,-65.0,9.25,18,87,766.462
766749,63,0,0,0,-59.0,4.0,18,87,766.749
767037,64,0,0,0,-56.0,10.25,18,87,767.037
767375,42,0,0,0,-63.0,11.5,18,87,767.375
767656,52,0,0,0,-65.0,10.25,18,87,767.656
768544,67,0,0,0,-70.0,7.25,18,87,768.544
768832,68,0,0,0,-59.0,11.25,18,87,768.832
769119,69,0,0,0,-59.0,12.25,18,87,769.119
769407,70,0,0,0,-54.0,11.0,18,87,769.407
769695,71,0,0,0,-61.0,11.25,18,87,769.695
770558,74,0,0,0,-56.0,10.25,18,87,770.558
770846,75,0,0,0,-58.0,11.0,18,87,770.846
771133,76,0,0,0,-62.0,7.75,18,87,771.133
771421,77,0,0,0,-70.0,8.0,18,87,771.421
772817,78,0,0,0,-63.0,7.5,18,75,772.817
773155,65,0,0,0,-64.0,10.25,18,75,773.155
774012,73,0,0,0,-57.0,11.0,18,75,774.012
774299,79,0,0,0,-58.0,11.25,18,75,774.299
774875,81,0,0,0,-59.0,10.25,18,75,774.875
775162,82,0,0,0,-59.0,12.0,18,75,775.162
775450,83,0,0,0,-52.0,11.5,18,75,775.45
775738,84,0,0,0,-70.0,7.0,18,75,775.738
776313,86,0,0,0,-58.0,12.0,18,75,776.313
776888,88,0,0,0,-62.0,7.5,18,75,776.888
777176,89,0,0,0,-58.0,10.75,18,75,777.176
777464,90,0,0,0,-59.0,10.0,18,68,777.464
778377,80,0,0,0,-57.0,9.75,18,68,778.377
778659,85,0,0,0,-59.0,11.0,18,68,778.659
778946,87,0,0,0,-58.0,10.0,18,68,778.946
779256,91,0,0,0,-56.0,11.5,18,68,779.256
779544,92,0,0,0,-53.0,9.75,18,68,779.544
779832,93,0,0,0,-62.0,9.5,18,68,779.832
780119,94,0,0,0,-62.0,11.25,18,68,780.119
780407,95,0,0,0,-68.0,4.5,18,68,780.407
780695,96,0,0,0,-67.0,9.0,18,68,780.695
780983,97,0,0,0,-67.0,10.0,18,68,780.983
781906,100,0,0,0,-64.0,10.75,18,68,781.906
782194,101,0,0,0,-54.0,11.25,18,75,782.194
783107,98,0,0,0,-59.0,9.5,18,75,783.107
783677,102,0,0,0,-65.0,6.25,18,75,783.677
783964,103,0,0,0,-60.0,9.5,18,75,783.964
784252,104,0,0,0,-61.0,8.5,18,75,784.252
784540,105,0,0,0,-59.0,11.75,18,75,784.54
784827,106,0,0,0,-51.0,10.75,18,75,784.827
785115,107,0,0,0,-63.0,11.0,18,75,785.115
785403,108,0,0,0,-53.0,11.75,18,75,785.403
785716,109,0,0,0,-50.0,11.5,18,75,785.716
786004,110,0,0,0,-54.0,10.75,18,75,786.004
786337,111,0,0,0,-54.0,10.0,18,75,786.337
786912,113,0,0,0,-51.0,12.25,18,75,786.912
787250,66,0,0,0,-56.0,11.0,18,75,787.25
788395,114,0,0,0,-51.0,11.25,18,75,788.395
788682,115,0,0,0,-67.0,6.0,18,75,788.682
788970,116,0,0,0,-53.0,10.75,18,75,788.97
789833,119,0,0,0,-59.0,11.0,18,75,789.833
790121,120,0,0,0,-60.0,10.75,18,75,790.121
790409,121,0,0,0,-54.0,10.75,18,75,790.409
791272,124,0,0,0,-52.0,11.5,18,75,791.272
791559,125,0,0,0,-54.0,11.0,18,56,791.559
791897,72,0,0,0,-63.0,11.25,18,56,791.897
792179,99,0,0,0,-61.0,7.75,18,56,792.179
792754,117,0,0,0,-58.0,11.0,18,56,792.754
793042,118,0,0,0,-58.0,9.75,18,56,793.042
793617,123,0,0,0,-65.0,10.25,18,56,793.617
793905,126,0,0,0,-58.0,11.25,18,56,793.905
794193,127,0,0,0,-54.0,11.0,18,56,794.193
794480,128,0,0,0,-55.0,10.5,18,56,794.48
794768,129,0,0,0,-58.0,11.0,18,56,794.768
795056,130,0,0,0,-53.0,11.0,18,56,795.056
795631,132,0,0,0,-57.0,10.25,18,56,795.631
795919,133,0,0,0,-59.0,10.75,18,56,795.919
797317,134,0,0,0,-65.0,7.75,18,81,797.317
797942,122,0,0,0,-57.0,10.25,18,81,797.942
798224,131,0,0,0,-48.0,12.0,18,81,798.224
798799,136,0,0,0,-62.0,5.75,18,81,798.799
799950,140,0,0,0,-56.0,10.25,18,81,799.95
800238,141,0,0,0,-58.0,10.5,18,81,800.238
800813,143,0,0,0,-56.0,11.0,18,81,800.813
801389,145,0,0,0,-52.0,11.75,18,81,801.389
801964,147,0,0,0,-67.0,7.75,18,50,801.964
802302,112,0,0,0,-54.0,11.25,18,50,802.302
802583,135,0,0,0,-50.0,8.25,18,50,802.583
802896,137,0,0,0,-57.0,10.25,18,50,802.896
803184,138,0,0,0,-55.0,10.0,18,50,803.184
803472,139,0,0,0,-54.0,11.75,18,50,803.472
803759,142,0,0,0,-54.0,10.75,18,50,803.759
804047,144,0,0,0,-60.0,9.0,18,50,804.047
804356,146,0,0,0,-56.0,11.75,18,50,804.356
804644,148,0,0,0,-67.0,7.75,18,50,804.644
804932,149,0,0,0,-57.0,9.25,18,50,804.932
805219,150,0,0,0,-55.0,10.75,18,50,805.219
805507,151,0,0,0,-60.0,8.5,18,50,805.507
805795,152,0,0,0,-56.0,11.75,18,50,805.795
806370,154,0,0,0,-55.0,10.5,18,50,806.37
806658,155,0,0,0,-58.0,8.25,18,93,806.658
806996,153,0,0,0,-52.0,9.5,18,93,806.996
807277,156,0,0,0,-54.0,11.0,18,93,807.277
807565,157,0,0,0,-49.0,10.75,18,93,807.565
808140,159,0,0,0,-53.0,11.0,18,93,808.14
808428,160,0,0,0,-51.0,11.5,18,93,808.428
808716,161,0,0,0,-55.0,11.25,18,93,808.716
809003,162,0,0,0,-49.0,11.25,18,93,809.003
809604,164,0,0,0,-57.0,9.0,18,93,809.604
809892,165,0,0,0,-50.0,12.0,18,93,809.892
810179,166,0,0,0,-58.0,8.5,18,93,810.179
810467,167,0,0,0,-53.0,10.5,18,93,810.467
810755,168,0,0,0,-56.0,11.5,18,93,810.755
811043,169,0,0,0,-55.0,11.5,18,93,811.043
811356,170,0,0,0,-54.0,11.5,18,87,811.356
811722,158,0,0,0,-60.0,9.5,18,87,811.722
812579,172,0,0,0,-54.0,11.25,18,87,812.579
812867,173,0,0,0,-69.0,5.5,18,87,812.867
813155,174,0,0,0,-65.0,7.0,18,87,813.155
813442,175,0,0,0,-60.0,7.25,18,87,813.442
814018,177,0,0,0,-66.0,-3.75,18,87,814.018
814305,178,0,0,0,-66.0,9.5,18,87,814.305
814593,179,0,0,0,-58.0,12.0,18,87,814.593
814881,180,0,0,0,-60.0,9.75,18,87,814.881
815169,181,0,0,0,-54.0,10.75,18,87,815.169
815744,183,0,0,0,-61.0,9.0,18,87,815.744
817137,184,0,0,0,-62.0,11.25,18,75,817.137
817475,163,0,0,0,-56.0,9.25,18,75,817.475
817757,171,0,0,0,-57.0,9.25,18,75,817.757
818044,176,0,0,0,-57.0,4.5,18,75,818.044
818356,182,0,0,0,-60.0,10.0,18,75,818.356
818644,185,0,0,0,-56.0,11.0,18,75,818.644
819219,187,0,0,0,-59.0,11.0,18,75,819.219
819507,188,0,0,0,-57.0,10.75,18,75,819.507
819795,189,0,0,0,-61.0,11.25,18,75,819.795
820082,190,0,0,0,-61.0,7.5,18,75,820.082
820684,192,0,0,0,-62.0,6.0,18,75,820.684
821259,194,0,0,0,-64.0,9.0,18,75,821.259
824078,196,0,0,0,-55.0,11.75,18,75,824.078
824462,186,0,0,0,-63.0,8.75,18,75,824.462
825032,193,0,0,0,-62.0,11.5,18,75,825.032
825895,198,0,0,0,-57.0,11.0,18,75,825.895
826182,199,0,0,0,-56.0,11.0,18,75,826.182
826470,200,0,0,0,-59.0,10.5,18,75,826.47
827333,203,0,0,0,-63.0,8.75,18,75,827.333
827621,204,0,0,0,-57.0,10.0,18,75,827.621
828196,206,0,0,0,-60.0,7.5,18,75,828.196
828484,207,0,0,0,-57.0,10.0,18,75,828.484
828772,208,0,0,0,-55.0,11.5,18,62,828.772
829772,197,0,0,0,-53.0,11.25,18,62,829.772
830054,201,0,0,0,-60.0,10.0,18,62,830.054
830342,202,0,0,0,-58.0,10.75,18,62,830.342
830629,205,0,0,0,-57.0,9.0,18,62,830.629
831226,210,0,0,0,-59.0,10.5,18,62,831.226
831514,211,0,0,0,-56.0,11.5,18,62,831.514
831802,212,0,0,0,-60.0,8.25,18,62,831.802
832089,213,0,0,0,-53.0,11.25,18,62,832.089
832377,214,0,0,0,-62.0,10.25,18,62,832.377
832665,215,0,0,0,-54.0,10.75,18,62,832.665
833240,217,0,0,0,-56.0,12.0,18,62,833.24
834637,218,0,0,0,-56.0,10.25,18,75,834.637
834975,191,0,0,0,-57.0,7.75,18,75,834.975
835257,195,0,0,0,-51.0,11.5,18,75,835.257
835566,209,0,0,0,-67.0,4.25,18,75,835.566
836142,219,0,0,0,-61.0,8.75,18,75,836.142
837005,222,0,0,0,-54.0,10.5,18,75,837.005
837292,223,0,0,0,-60.0,9.75,18,75,837.292
837606,224,0,0,0,-59.0,9.25,18,75,837.606
837894,225,0,0,0,-61.0,11.0,18,75,837.894
838182,226,0,0,0,-51.0,10.75,18,75,838.182
838469,227,0,0,0,-61.0,8.75,18,75,838.469
838757,228,0,0,0,-54.0,10.25,18,75,838.757
839333,230,0,0,0,-60.0,10.5,18,75,839.333
839671,216,0,0,0,-66.0,2.75,18,75,839.671
839952,220,0,0,0,-55.0,9.75,18,75,839.952
840528,229,0,0,0,-52.0,11.75,18,75,840.528
840815,231,0,0,0,-59.0,10.0,18,75,840.815
841391,233,0,0,0,-57.0,10.75,18,75,841.391
841678,234,0,0,0,-54.0,10.25,18,75,841.678
841966,235,0,0,0,-56.0,11.5,18,75,841.966
842254,236,0,0,0,-54.0,11.25,18,75,842.254
842541,237,0,0,0,-75.0,4.75,18,75,842.541
842829,238,0,0,0,-54.0,11.25,18,75,842.829
843405,240,0,0,0,-59.0,10.0,18,75,843.405
843692,241,0,0,0,-57.0,3.75,18,75,843.692
843980,242,0,0,0,-59.0,5.5,18,81,843.98
844318,221,0,0,0,-60.0,12.25,18,81,844.318
844599,232,0,0,0,-58.0,11.0,18,81,844.599
845486,244,0,0,0,-67.0,7.0,18,81,845.486
845774,245,0,0,0,-56.0,11.25,18,81,845.774
846349,247,0,0,0,-52.0,11.0,18,81,846.349
846637,248,0,0,0,-54.0,11.5,18,81,846.637
846925,249,0,0,0,-55.0,11.5,18,81,846.925
847213,250,0,0,0,-60.0,8.75,18,81,847.213
847500,251,0,0,0,-56.0,11.5,18,81,847.5
847788,252,0,0,0,-59.0,9.5,18,81,847.788
848363,254,0,0,0,-59.0,11.5,18,81,848.363
848651,255,0,0,0,-55.0,12.25,18,75,848.651
848989,239,0,0,0,-65.0,3.0,18,75,848.989
849270,243,0,0,0,-58.0,11.75,18,75,849.27
849558,246,0,0,0,-58.0,8.0,18,75,849.558
850133,256,0,0,0,-57.0,11.5,18,75,850.133
850421,257,0,0,0,-52.0,9.75,18,75,850.421
850709,258,0,0,0,-55.0,11.0,18,75,850.709
850997,259,0,0,0,-56.0,11.5,18,75,850.997
851284,260,0,0,0,-50.0,11.25,18,75,851.284
852196,263,0,0,0,-53.0,11.25,18,75,852.196
852484,264,0,0,0,-52.0,11.75,18,75,852.484
853347,267,0,0,0,-58.0,11.0,18,68,853.347
853973,261,0,0,0,-58.0,10.75,18,68,853.973
854255,262,0,0,0,-55.0,11.25,18,68,854.255
854542,265,0,0,0,-55.0,11.75,18,68,854.542
854830,266,0,0,0,-55.0,12.25,18,68,854.83
855136,268,0,0,0,-60.0,12.5,18,68,855.136
856575,273,0,0,0,-60.0,11.25,18,68,856.575
856863,274,0,0,0,-55.0,11.5,18,68,856.863
857176,275,0,0,0,-55.0,9.25,18,68,857.176
857526,276,0,0,0,-60.0,8.0,18,68,857.526
857814,277,0,0,0,-53.0,9.75,18,68,857.814
860317,278,0,0,0,-63.0,11.0,18,68,860.317
860945,269,0,0,0,-57.0,10.75,18,68,860.945
861226,270,0,0,0,-56.0,6.0,18,68,861.226
861802,272,0,0,0,-58.0,10.25,18,68,861.802
862089,279,0,0,0,-62.0,8.5,18,68,862.089
862377,280,0,0,0,-52.0,11.25,18,68,862.377
862665,281,0,0,0,-56.0,10.75,18,68,862.665
862952,282,0,0,0,-65.0,7.25,18,68,862.952
863240,283,0,0,0,-62.0,9.0,18,68,863.24
863528,284,0,0,0,-57.0,11.25,18,68,863.528
863815,285,0,0,0,-58.0,10.5,18,68,863.815
864103,286,0,0,0,-54.0,10.0,18,68,864.103
864391,287,0,0,0,-56.0,11.75,18,68,864.391
864679,288,0,0,0,-53.0,10.25,18,68,864.679
864966,289,0,0,0,-64.0,7.0,18,87,864.966
865303,253,0,0,0,-55.0,7.25,18,87,865.303
865585,271,0,0,0,-57.0,11.0,18,87,865.585
865896,290,0,0,0,-61.0,8.75,18,87,865.896
866184,291,0,0,0,-51.0,12.0,18,87,866.184
866759,293,0,0,0,-57.0,11.0,18,87,866.759
867047,294,0,0,0,-58.0,11.5,18,87,867.047
867910,297,0,0,0,-59.0,9.75,18,87,867.91
868198,298,0,0,0,-54.0,12.5,18,87,868.198
868486,299,0,0,0,-55.0,10.25,18,87,868.486
868773,300,0,0,0,-63.0,10.75,18,87,868.773
869656,303,0,0,0,-61.0,9.0,18,68,869.656
869994,292,0,0,0,-48.0,11.0,18,68,869.994
870606,296,0,0,0,-52.0,11.5,18,68,870.606
870894,301,0,0,0,-61.0,8.75,18,68,870.894
871182,302,0,0,0,-51.0,11.25,18,68,871.182
871469,304,0,0,0,-53.0,11.25,18,68,871.469
871757,305,0,0,0,-52.0,11.25,18,68,871.757
872045,306,0,0,0,-54.0,10.25,18,68,872.045
872332,307,0,0,0,-56.0,11.5,18,68,872.332
872620,308,0,0,0,-56.0,12.5,18,68,872.62
872908,309,0,0,0,-60.0,11.75,18,68,872.908
873483,311,0,0,0,-58.0,10.75,18,68,873.483
874059,313,0,0,0,-64.0,10.5,18,68,874.059
874346,314,0,0,0,-61.0,10.25,18,81,874.346
874684,295,0,0,0,-56.0,9.75,18,81,874.684
875254,312,0,0,0,-63.0,10.5,18,81,875.254
875541,315,0,0,0,-63.0,8.0,18,81,875.541
875829,316,0,0,0,-63.0,9.25,18,81,875.829
876117,317,0,0,0,-61.0,4.75,18,81,876.117
876692,319,0,0,0,-57.0,11.0,18,81,876.692
876980,320,0,0,0,-66.0,6.0,18,81,876.98
877267,321,0,0,0,-55.0,10.5,18,81,877.267
877555,322,0,0,0,-53.0,7.75,18,81,877.555
877843,323,0,0,0,-56.0,10.75,18,81,877.843
878130,324,0,0,0,-65.0,5.5,18,81,878.13
880108,327,0,0,0,-62.0,6.5,18,75,880.108
880782,318,0,0,0,-61.0,7.5,18,75,880.782
881064,325,0,0,0,-62.0,11.75,18,75,881.064
881376,326,0,0,0,-60.0,10.0,18,75,881.376
881664,328,0,0,0,-61.0,9.0,18,75,881.664
881952,329,0,0,0,-64.0,6.5,18,75,881.952
882266,330,0,0,0,-60.0,11.0,18,75,882.266
882554,331,0,0,0,-60.0,10.25,18,75,882.554
882842,332,0,0,0,-64.0,-0.75,18,75,882.842
883444,334,0,0,0,-56.0,11.75,18,75,883.444
883732,335,0,0,0,-51.0,8.25,18,75,883.732
884020,336,0,0,0,-58.0,11.0,18,75,884.02
884307,337,0,0,0,-63.0,8.75,18,75,884.307
884595,338,0,0,0,-51.0,10.25,18,75,884.595
884883,339,0,0,0,-59.0,10.0,18,87,884.883
885221,310,0,0,0,-56.0,10.5,18,87,885.221
885502,333,0,0,0,-63.0,6.75,18,87,885.502
925811,0,0,0,0,-47.0,11.75,18,100,925.811
926136,1,0,0,0,-47.0,12.0,18,100,926.136
926418,2,0,0,0,-47.0,12.0,18,100,926.418
926705,3,0,0,0,-47.0,12.0,18,100,926.705
926993,4,0,0,0,-48.0,10.5,18,100,926.993
927281,5,0,0,0,-47.0,12.5,18,100,927.281
927569,6,0,0,0,-48.0,10.75,18,100,927.569
927925,7,0,0,0,-47.0,10.75,18,100,927.925
928206,8,0,0,0,-47.0,10.5,18,100,928.206
928494,9,0,0,0,-46.0,10.75,18,100,928.494
928782,10,0,0,0,-46.0,10.75,18,100,928.782
929070,11,0,0,0,-46.0,13.0,18,100,929.07
929357,12,0,0,0,-47.0,12.0,18,100,929.357
929645,13,0,0,0,-46.0,11.0,18,100,929.645
929933,14,0,0,0,-47.0,11.75,18,100,929.933
930271,15,0,0,0,-46.0,11.0,18,100,930.271
930553,16,0,0,0,-46.0,12.25,18,100,930.553
930840,17,0,0,0,-46.0,11.0,18,100,930.84
931149,18,0,0,0,-46.0,10.75,18,100,931.149
931437,19,0,0,0,-47.0,10.75,18,100,931.437
931805,20,0,0,0,-48.0,11.75,18,100,931.805
932086,21,0,0,0,-48.0,12.25,18,100,932.086
932374,22,0,0,0,-49.0,12.5,18,100,932.374
932662,23,0,0,0,-48.0,12.75,18,100,932.662
932950,24,0,0,0,-49.0,12.25,18,100,932.95
933238,25,0,0,0,-48.0,11.25,18,100,933.238
933549,26,0,0,0,-48.0,12.75,18,100,933.549
933837,27,0,0,0,-48.0,12.25,18,100,933.837
934124,28,0,0,0,-48.0,11.75,18,100,934.124
934459,29,0,0,0,-48.0,12.5,18,100,934.459
934747,30,0,0,0,-49.0,10.75,18,100,934.747
935035,31,0,0,0,-49.0,12.75,18,100,935.035
935322,32,0,0,0,-48.0,12.0,18,100,935.322
935661,33,0,0,0,-46.0,12.0,18,100,935.661
935942,34,0,0,0,-46.0,12.25,18,100,935.942
936230,35,0,0,0,-45.0,12.5,18,100,936.23
936518,36,0,0,0,-46.0,12.0,18,100,936.518
936806,37,0,0,0,-46.0,12.25,18,100,936.806
937093,38,0,0,0,-46.0,12.25,18,100,937.093
937381,39,0,0,0,-46.0,11.5,18,100,937.381
937669,40,0,0,0,-46.0,11.5,18,100,937.669
937957,41,0,0,0,-46.0,11.75,18,100,937.957
938245,42,0,0,0,-46.0,12.0,18,100,938.245
938532,43,0,0,0,-46.0,11.0,18,100,938.532
938820,44,0,0,0,-46.0,11.75,18,100,938.82
939108,45,0,0,0,-46.0,11.5,18,100,939.108
939396,46,0,0,0,-46.0,11.5,18,100,939.396
939684,47,0,0,0,-47.0,12.25,18,100,939.684
939971,48,0,0,0,-48.0,12.0,18,100,939.971
940309,49,0,0,0,-47.0,12.0,18,100,940.309
940591,50,0,0,0,-47.0,11.75,18,100,940.591
940879,51,0,0,0,-48.0,10.75,18,100,940.879
941209,52,0,0,0,-47.0,10.25,18,100,941.209
941497,53,0,0,0,-47.0,11.25,18,100,941.497
941785,54,0,0,0,-47.0,11.5,18,100,941.785
942072,55,0,0,0,-47.0,11.75,18,100,942.072
942360,56,0,0,0,-47.0,11.5,18,100,942.36
942648,57,0,0,0,-47.0,11.25,18,100,942.648
942936,58,0,0,0,-47.0,11.0,18,100,942.936
943249,59,0,0,0,-46.0,11.75,18,100,943.249
943537,60,0,0,0,-47.0,11.5,18,100,943.537
943825,61,0,0,0,-47.0,12.0,18,100,943.825
944112,62,0,0,0,-47.0,11.5,18,100,944.112
944400,63,0,0,0,-49.0,12.25,18,100,944.4
944688,64,0,0,0,-49.0,10.25,18,100,944.688
945026,65,0,0,0,-49.0,10.75,18,100,945.026
945308,66,0,0,0,-51.0,11.5,18,100,945.308
945596,67,0,0,0,-50.0,11.75,18,100,945.596
945883,68,0,0,0,-50.0,11.25,18,100,945.883
946171,69,0,0,0,-46.0,11.75,18,100,946.171
946459,70,0,0,0,-45.0,11.75,18,100,946.459
946747,71,0,0,0,-46.0,11.25,18,100,946.747
947035,72,0,0,0,-44.0,11.75,18,100,947.035
947322,73,0,0,0,-43.0,11.0,18,100,947.322
947610,74,0,0,0,-45.0,11.0,18,100,947.61
947898,75,0,0,0,-49.0,11.25,18,100,947.898
948186,76,0,0,0,-53.0,10.25,18,100,948.186
948474,77,0,0,0,-58.0,9.75,18,100,948.474
948761,78,0,0,0,-51.0,11.75,18,100,948.761
949049,79,0,0,0,-53.0,11.0,18,100,949.049
949337,80,0,0,0,-47.0,11.25,18,100,949.337
949675,81,0,0,0,-47.0,10.75,18,100,949.675
949957,82,0,0,0,-47.0,11.25,18,100,949.957
950245,83,0,0,0,-48.0,11.75,18,100,950.245
950532,84,0,0,0,-58.0,10.25,18,100,950.532
950820,85,0,0,0,-58.0,11.75,18,100,950.82
951108,86,0,0,0,-58.0,10.5,18,100,951.108
951396,87,0,0,0,-53.0,11.5,18,100,951.396
951709,88,0,0,0,-46.0,10.0,18,100,951.709
951997,89,0,0,0,-47.0,11.5,18,100,951.997
952285,90,0,0,0,-51.0,11.5,18,100,952.285
952573,91,0,0,0,-46.0,11.25,18,100,952.573
952860,92,0,0,0,-47.0,11.0,18,100,952.86
953148,93,0,0,0,-57.0,11.0,18,100,953.148
953436,94,0,0,0,-56.0,10.75,18,100,953.436
953724,95,0,0,0,-51.0,12.0,18,100,953.724
954011,96,0,0,0,-47.0,11.75,18,100,954.011
954350,97,0,0,0,-48.0,11.5,18,100,954.35
954659,98,0,0,0,-47.0,12.25,18,100,954.659
954947,99,0,0,0,-54.0,7.0,18,100,954.947
955235,100,0,0,0,-46.0,11.5,18,100,955.235
955522,101,0,0,0,-44.0,12.0,18,100,955.522
955810,102,0,0,0,-47.0,11.5,18,100,955.81
956098,103,0,0,0,-50.0,11.5,18,100,956.098
956386,104,0,0,0,-46.0,11.75,18,100,956.386
956674,105,0,0,0,-44.0,11.5,18,100,956.674
956961,106,0,0,0,-44.0,11.75,18,100,956.961
957249,107,0,0,0,-42.0,12.0,18,100,957.249
957537,108,0,0,0,-45.0,13.25,18,100,957.537
957825,109,0,0,0,-42.0,11.25,18,100,957.825
958113,110,0,0,0,-52.0,10.75,18,100,958.113
958401,111,0,0,0,-46.0,11.25,18,100,958.401
958688,112,0,0,0,-46.0,11.5,18,100,958.688
959027,113,0,0,0,-46.0,10.75,18,100,959.027
959329,114,0,0,0,-55.0,9.25,18,100,959.329
959617,115,0,0,0,-46.0,10.75,18,100,959.617
959905,116,0,0,0,-46.0,11.75,18,100,959.905
960507,118,0,0,0,-42.0,12.0,18,100,960.507
960839,119,0,0,0,-43.0,11.0,18,100,960.839
961127,120,0,0,0,-45.0,11.75,18,100,961.127
961459,121,0,0,0,-45.0,11.5,18,100,961.459
961747,122,0,0,0,-47.0,12.0,18,100,961.747
962035,123,0,0,0,-43.0,11.25,18,100,962.035
962322,124,0,0,0,-43.0,11.5,18,100,962.322
962610,125,0,0,0,-46.0,11.25,18,100,962.61
962898,126,0,0,0,-47.0,11.75,18,100,962.898
963186,127,0,0,0,-45.0,11.25,18,100,963.186
963519,128,0,0,0,-44.0,11.5,18,93,963.519
963857,117,0,0,0,-47.0,9.75,18,93,963.857
964139,129,0,0,0,-50.0,11.0,18,93,964.139
964427,130,0,0,0,-54.0,11.75,18,93,964.427
964714,131,0,0,0,-50.0,11.5,18,93,964.714
965002,132,0,0,0,-51.0,11.25,18,93,965.002
965290,133,0,0,0,-53.0,12.5,18,93,965.29
965578,134,0,0,0,-54.0,10.25,18,93,965.578
965866,135,0,0,0,-50.0,11.5,18,93,965.866
966153,136,0,0,0,-51.0,11.5,18,93,966.153
966729,138,0,0,0,-52.0,11.25,18,93,966.729
967017,139,0,0,0,-61.0,9.75,18,93,967.017
967617,141,0,0,0,-59.0,9.5,18,93,967.617
967905,142,0,0,0,-55.0,9.0,18,93,967.905
968219,143,0,0,0,-56.0,11.5,18,87,968.219
968575,137,0,0,0,-54.0,11.5,18,87,968.575
968856,140,0,0,0,-61.0,12.0,18,87,968.856
969432,145,0,0,0,-56.0,10.75,18,87,969.432
969720,146,0,0,0,-59.0,10.0,18,87,969.72
970008,147,0,0,0,-58.0,11.5,18,87,970.008
970295,148,0,0,0,-60.0,11.25,18,87,970.295
970583,149,0,0,0,-67.0,0.75,18,87,970.583
970919,150,0,0,0,-60.0,8.25,18,87,970.919
971207,151,0,0,0,-53.0,10.5,18,87,971.207
971495,152,0,0,0,-60.0,9.5,18,87,971.495
971809,153,0,0,0,-52.0,12.25,18,87,971.809
972097,154,0,0,0,-56.0,10.75,18,87,972.097
972672,156,0,0,0,-56.0,8.75,18,87,972.672
972960,157,0,0,0,-54.0,10.25,18,87,972.96
973298,144,0,0,0,-57.0,6.0,18,87,973.298
973580,155,0,0,0,-57.0,10.75,18,87,973.58
973868,158,0,0,0,-56.0,10.0,18,87,973.868
974156,159,0,0,0,-60.0,10.25,18,87,974.156
974489,160,0,0,0,-56.0,10.75,18,87,974.489
974777,161,0,0,0,-63.0,8.5,18,87,974.777
975065,162,0,0,0,-67.0,6.0,18,87,975.065
975352,163,0,0,0,-57.0,9.25,18,87,975.352
975640,164,0,0,0,-58.0,11.75,18,87,975.64
975928,165,0,0,0,-56.0,11.25,18,87,975.928
976216,166,0,0,0,-57.0,9.75,18,87,976.216
976504,167,0,0,0,-59.0,10.5,18,87,976.504
976791,168,0,0,0,-60.0,10.25,18,87,976.791
977079,169,0,0,0,-62.0,10.75,18,87,977.079
977367,170,0,0,0,-61.0,0.75,18,87,977.367
977655,171,0,0,0,-78.0,1.75,18,100,977.655
977993,172,0,0,0,-63.0,10.5,18,100,977.993
978299,173,0,0,0,-59.0,11.75,18,100,978.299
978587,174,0,0,0,-63.0,10.5,18,100,978.587
978875,175,0,0,0,-55.0,11.5,18,100,978.875
979162,176,0,0,0,-60.0,10.75,18,100,979.162
979450,177,0,0,0,-57.0,10.75,18,100,979.45
979738,178,0,0,0,-59.0,11.25,18,100,979.738
980359,180,0,0,0,-55.0,11.0,18,100,980.359
980647,181,0,0,0,-71.0,8.75,18,100,980.647
981247,183,0,0,0,-61.0,11.0,18,100,981.247
982110,186,0,0,0,-62.0,8.0,18,100,982.11
982439,187,0,0,0,-54.0,11.25,18,75,982.439
983353,184,0,0,0,-52.0,11.75,18,75,983.353
983635,185,0,0,0,-49.0,11.5,18,75,983.635
983922,188,0,0,0,-57.0,11.5,18,75,983.922
984210,189,0,0,0,-61.0,9.75,18,75,984.21
984498,190,0,0,0,-60.0,9.0,18,75,984.498
984786,191,0,0,0,-60.0,8.25,18,75,984.786
985099,192,0,0,0,-52.0,11.0,18,75,985.099
985387,193,0,0,0,-59.0,10.75,18,75,985.387
985675,194,0,0,0,-71.0,3.0,18,75,985.675
985962,195,0,0,0,-57.0,11.0,18,75,985.962
986250,196,0,0,0,-60.0,6.0,18,75,986.25
986538,197,0,0,0,-51.0,12.0,18,75,986.538
986826,198,0,0,0,-51.0,10.25,18,75,986.826
987114,199,0,0,0,-63.0,9.75,18,87,987.114
987452,179,0,0,0,-66.0,7.75,18,87,987.452
987733,182,0,0,0,-56.0,10.5,18,87,987.733
988021,200,0,0,0,-55.0,11.75,18,87,988.021
988597,202,0,0,0,-55.0,11.0,18,87,988.597
988885,203,0,0,0,-50.0,11.5,18,87,988.885
989199,204,0,0,0,-59.0,9.0,18,87,989.199
989487,205,0,0,0,-57.0,4.5,18,87,989.487
989799,206,0,0,0,-60.0,12.0,18,87,989.799
990087,207,0,0,0,-56.0,9.0,18,87,990.087
990375,208,0,0,0,-53.0,10.5,18,87,990.375
990663,209,0,0,0,-55.0,11.25,18,87,990.663
990950,210,0,0,0,-56.0,9.75,18,87,990.95
991238,211,0,0,0,-63.0,7.75,18,87,991.238
991526,212,0,0,0,-53.0,10.0,18,87,991.526
991814,213,0,0,0,-53.0,11.25,18,93,991.814
992440,214,0,0,0,-55.0,10.0,18,93,992.44
992722,215,0,0,0,-56.0,11.25,18,93,992.722
993009,216,0,0,0,-55.0,11.0,18,93,993.009
993297,217,0,0,0,-54.0,10.75,18,93,993.297
993585,218,0,0,0,-56.0,11.5,18,93,993.585
993873,219,0,0,0,-58.0,11.0,18,93,993.873
994161,220,0,0,0,-50.0,11.0,18,93,994.161
994448,221,0,0,0,-49.0,11.75,18,93,994.448
994736,222,0,0,0,-49.0,10.75,18,93,994.736
995024,223,0,0,0,-60.0,11.75,18,93,995.024
995312,224,0,0,0,-62.0,8.75,18,93,995.312
995600,225,0,0,0,-62.0,7.5,18,93,995.6
995888,226,0,0,0,-64.0,8.25,18,93,995.888
996175,227,0,0,0,-52.0,11.25,18,93,996.175
996489,228,0,0,0,-50.0,11.25,18,93,996.489
996827,201,0,0,0,-50.0,11.0,18,93,996.827
997109,229,0,0,0,-52.0,11.0,18,93,997.109
997397,230,0,0,0,-53.0,10.25,18,93,997.397
997685,231,0,0,0,-60.0,11.25,18,93,997.685
997972,232,0,0,0,-54.0,11.25,18,93,997.972
998260,233,0,0,0,-57.0,10.75,18,93,998.26
998836,235,0,0,0,-52.0,11.25,18,93,998.836
999124,236,0,0,0,-53.0,10.75,18,93,999.124
999411,237,0,0,0,-47.0,11.25,18,93,999.411
999699,238,0,0,0,-51.0,10.5,18,93,999.699
999987,239,0,0,0,-57.0,10.0,18,93,999.987
1000275,240,0,0,0,-69.0,8.75,18,93,1000.275
1000851,242,0,0,0,-52.0,11.75,18,93,1000.851
1001139,243,0,0,0,-46.0,11.0,18,87,1001.139
1001516,234,0,0,0,-46.0,11.0,18,87,1001.516
1001797,241,0,0,0,-53.0,11.25,18,87,1001.797
1002085,244,0,0,0,-46.0,10.75,18,87,1002.085
1002373,245,0,0,0,-51.0,11.0,18,87,1002.373
1002661,246,0,0,0,-48.0,11.0,18,87,1002.661
1002948,247,0,0,0,-49.0,11.75,18,87,1002.948
1003236,248,0,0,0,-53.0,11.75,18,87,1003.236
1003524,249,0,0,0,-52.0,11.0,18,87,1003.524
1003812,250,0,0,0,-54.0,11.5,18,87,1003.812
1004388,252,0,0,0,-49.0,12.0,18,87,1004.388
1004675,253,0,0,0,-45.0,10.5,18,87,1004.675
1004963,254,0,0,0,-51.0,10.75,18,87,1004.963
1005251,255,0,0,0,-44.0,11.0,18,87,1005.251
1005539,256,0,0,0,-49.0,11.0,18,87,1005.539
1005827,257,0,0,0,-45.0,11.25,18,93,1005.827
1006165,251,0,0,0,-49.0,11.0,18,93,1006.165
1006447,258,0,0,0,-49.0,11.75,18,93,1006.447
1006735,259,0,0,0,-44.0,10.75,18,93,1006.735
1007022,260,0,0,0,-46.0,10.75,18,93,1007.022
1007329,261,0,0,0,-46.0,12.0,18,93,1007.329
1007617,262,0,0,0,-49.0,10.75,18,93,1007.617
1007905,263,0,0,0,-46.0,12.0,18,93,1007.905
1008193,264,0,0,0,-49.0,11.5,18,93,1008.193
1008481,265,0,0,0,-44.0,11.0,18,93,1008.481
1008768,266,0,0,0,-52.0,11.75,18,93,1008.768
1009056,267,0,0,0,-52.0,12.5,18,93,1009.056
1009344,268,0,0,0,-50.0,10.75,18,93,1009.344
1009632,269,0,0,0,-51.0,12.75,18,93,1009.632
1009920,270,0,0,0,-48.0,11.25,18,93,1009.92
1010208,271,0,0,0,-55.0,11.25,18,93,1010.208
1010495,272,0,0,0,-48.0,11.0,18,100,1010.495
1010834,273,0,0,0,-66.0,7.0,18,100,1010.834
1011116,274,0,0,0,-57.0,9.75,18,100,1011.116
1011404,275,0,0,0,-47.0,11.0,18,100,1011.404
1011691,276,0,0,0,-56.0,10.5,18,100,1011.691
1011979,277,0,0,0,-57.0,11.0,18,100,1011.979
1012267,278,0,0,0,-49.0,10.75,18,100,1012.267
1012555,279,0,0,0,-54.0,10.5,18,100,1012.555
1012843,280,0,0,0,-57.0,11.25,18,100,1012.843
1013130,281,0,0,0,-48.0,11.5,18,100,1013.13
1013418,282,0,0,0,-47.0,11.25,18,100,1013.418
1013706,283,0,0,0,-56.0,10.5,18,100,1013.706
1013994,284,0,0,0,-59.0,11.0,18,100,1013.994
1014282,285,0,0,0,-50.0,11.25,18,100,1014.282
1014570,286,0,0,0,-57.0,5.25,18,100,1014.57
1014857,287,0,0,0,-56.0,11.5,18,100,1014.857
1015145,288,0,0,0,-57.0,7.0,18,100,1015.145
1015783,290,0,0,0,-65.0,8.25,18,100,1015.783
1016065,291,0,0,0,-48.0,9.75,18,100,1016.065
1016352,292,0,0,0,-54.0,10.75,18,100,1016.352
1016928,294,0,0,0,-56.0,10.75,18,100,1016.928
1017216,295,0,0,0,-48.0,11.5,18,100,1017.216
1017504,296,0,0,0,-58.0,11.25,18,100,1017.504
1017791,297,0,0,0,-47.0,10.5,18,100,1017.791
1018079,298,0,0,0,-50.0,11.25,18,100,1018.079
1018679,300,0,0,0,-51.0,11.25,18,100,1018.679
1018967,301,0,0,0,-64.0,7.0,18,100,1018.967
1019279,302,0,0,0,-54.0,11.75,18,100,1019.279
1019567,303,0,0,0,-53.0,9.25,18,100,1019.567
1019879,304,0,0,0,-54.0,11.5,18,81,1019.879
1020543,293,0,0,0,-55.0,10.0,18,81,1020.543
1020849,299,0,0,0,-47.0,11.5,18,81,1020.849
1021137,305,0,0,0,-48.0,10.75,18,81,1021.137
1021425,306,0,0,0,-49.0,11.75,18,81,1021.425
1021713,307,0,0,0,-46.0,11.5,18,81,1021.713
1022001,308,0,0,0,-55.0,10.25,18,81,1022.001
1022288,309,0,0,0,-53.0,11.5,18,81,1022.288
1022576,310,0,0,0,-58.0,10.25,18,81,1022.576
1022864,311,0,0,0,-72.0,5.0,18,81,1022.864
1023152,312,0,0,0,-67.0,9.75,18,81,1023.152
1023440,313,0,0,0,-48.0,11.5,18,81,1023.44
1023728,314,0,0,0,-62.0,10.25,18,81,1023.728
1024015,315,0,0,0,-50.0,10.5,18,81,1024.015
1025700,317,0,0,0,-59.0,9.25,18,87,1025.7
1026055,289,0,0,0,-58.0,9.0,18,87,1026.055
1026625,318,0,0,0,-55.0,10.5,18,87,1026.625
1026912,319,0,0,0,-50.0,10.75,18,87,1026.912
1027200,320,0,0,0,-45.0,11.5,18,87,1027.2
1027488,321,0,0,0,-52.0,10.75,18,87,1027.488
1027776,322,0,0,0,-43.0,11.25,18,87,1027.776
1028064,323,0,0,0,-47.0,11.0,18,87,1028.064
1028351,324,0,0,0,-45.0,11.25,18,87,1028.351
1028639,325,0,0,0,-50.0,10.25,18,87,1028.639
1028949,326,0,0,0,-58.0,11.0,18,87,1028.949
1029237,327,0,0,0,-49.0,11.5,18,87,1029.237
1029525,328,0,0,0,-49.0,11.5,18,87,1029.525
1029839,329,0,0,0,-51.0,11.75,18,87,1029.839
1030127,330,0,0,0,-51.0,11.5,18,87,1030.127
1030415,331,0,0,0,-44.0,11.75,18,93,1030.415
1030754,316,0,0,0,-55.0,11.0,18,93,1030.754
1031059,332,0,0,0,-51.0,11.25,18,93,1031.059
1031389,333,0,0,0,-57.0,11.25,18,93,1031.389
1031677,334,0,0,0,-52.0,10.25,18,93,1031.677
1031965,335,0,0,0,-51.0,12.75,18,93,1031.965
1032253,336,0,0,0,-66.0,6.5,18,93,1032.253
1032541,337,0,0,0,-49.0,10.75,18,93,1032.541
1033116,339,0,0,0,-59.0,10.25,18,93,1033.116
1033404,340,0,0,0,-51.0,10.75,18,93,1033.404
1034007,342,0,0,0,-52.0,10.75,18,93,1034.007
1034295,343,0,0,0,-54.0,11.75,18,93,1034.295
1060977,0,0,0,0,-52.0,11.25,18,100,1060.977
1061301,1,0,0,0,-53.0,10.25,18,100,1061.301
1061583,2,0,0,0,-53.0,12.0,18,100,1061.583
1061871,3,0,0,0,-52.0,11.75,18,100,1061.871
1062159,4,0,0,0,-52.0,10.25,18,100,1062.159
1062446,5,0,0,0,-50.0,11.75,18,100,1062.446
1062734,6,0,0,0,-52.0,12.25,18,100,1062.734
1063073,7,0,0,0,-51.0,11.0,18,100,1063.073
1063374,8,0,0,0,-53.0,12.0,18,100,1063.374
1063662,9,0,0,0,-53.0,12.25,18,100,1063.662
1063949,10,0,0,0,-54.0,12.0,18,100,1063.949
1064264,11,0,0,0,-56.0,8.25,18,100,1064.264
1064552,12,0,0,0,-53.0,10.5,18,100,1064.552
1064840,13,0,0,0,-53.0,11.5,18,100,1064.84
1065127,14,0,0,0,-53.0,10.0,18,100,1065.127
1065466,15,0,0,0,-55.0,11.75,18,100,1065.466
1065747,16,0,0,0,-54.0,9.75,18,100,1065.747
1066323,18,0,0,0,-51.0,12.0,18,100,1066.323
1066634,19,0,0,0,-53.0,12.0,18,80,1066.634
1066972,17,0,0,0,-55.0,11.25,18,80,1066.972
1067254,20,0,0,0,-52.0,11.5,18,80,1067.254
1067564,21,0,0,0,-66.0,1.5,18,80,1067.564
1067852,22,0,0,0,-48.0,11.25,18,80,1067.852
1068140,23,0,0,0,-58.0,9.75,18,80,1068.14
1068427,24,0,0,0,-54.0,9.5,18,80,1068.427
1068715,25,0,0,0,-51.0,12.5,18,80,1068.715
1069003,26,0,0,0,-50.0,12.25,18,80,1069.003
1069291,27,0,0,0,-50.0,12.25,18,80,1069.291
1069579,28,0,0,0,-55.0,11.75,18,80,1069.579
1069867,29,0,0,0,-61.0,9.25,18,80,1069.867
1070154,30,0,0,0,-53.0,11.25,18,80,1070.154
1070442,31,0,0,0,-52.0,11.75,18,80,1070.442
1070730,32,0,0,0,-56.0,11.5,18,100,1070.73
1071069,33,0,0,0,-49.0,11.75,18,100,1071.069
1071350,34,0,0,0,-50.0,11.75,18,100,1071.35
1071638,35,0,0,0,-62.0,8.75,18,100,1071.638
1072214,37,0,0,0,-55.0,12.0,18,100,1072.214
1072502,38,0,0,0,-62.0,10.25,18,100,1072.502
1073077,40,0,0,0,-69.0,9.25,18,100,1073.077
1073365,41,0,0,0,-50.0,12.0,18,100,1073.365
1073653,42,0,0,0,-43.0,12.25,18,100,1073.653
1073941,43,0,0,0,-58.0,10.75,18,100,1073.941
1074228,44,0,0,0,-54.0,10.0,18,100,1074.228
1074516,45,0,0,0,-56.0,9.75,18,100,1074.516
1074824,46,0,0,0,-53.0,12.0,18,100,1074.824
1075112,47,0,0,0,-51.0,12.25,18,100,1075.112
1075400,48,0,0,0,-56.0,12.75,18,87,1075.4
1075738,36,0,0,0,-57.0,12.25,18,87,1075.738
1076596,50,0,0,0,-50.0,12.0,18,87,1076.596
1076883,51,0,0,0,-48.0,12.5,18,87,1076.883
1077171,52,0,0,0,-49.0,11.25,18,87,1077.171
1077747,54,0,0,0,-55.0,10.0,18,87,1077.747
1078035,55,0,0,0,-59.0,10.75,18,87,1078.035
1078322,56,0,0,0,-54.0,11.5,18,87,1078.322
1078610,57,0,0,0,-54.0,9.75,18,87,1078.61
1078898,58,0,0,0,-62.0,8.0,18,87,1078.898
1079186,59,0,0,0,-49.0,11.75,18,87,1079.186
1079474,60,0,0,0,-60.0,9.0,18,87,1079.474
1079784,61,0,0,0,-51.0,10.75,18,87,1079.784
1080072,62,0,0,0,-53.0,11.25,18,81,1080.072
1080410,39,0,0,0,-58.0,9.5,18,81,1080.41
1080692,49,0,0,0,-57.0,11.75,18,81,1080.692
1081268,63,0,0,0,-57.0,11.5,18,81,1081.268
1081555,64,0,0,0,-53.0,9.75,18,81,1081.555
1081843,65,0,0,0,-55.0,11.25,18,81,1081.843
1082131,66,0,0,0,-60.0,9.0,18,81,1082.131
1082734,68,0,0,0,-53.0,12.0,18,81,1082.734
1083022,69,0,0,0,-53.0,10.75,18,81,1083.022
1083310,70,0,0,0,-49.0,10.75,18,81,1083.31
1083597,71,0,0,0,-57.0,10.75,18,81,1083.597
1083885,72,0,0,0,-61.0,7.0,18,81,1083.885
1084461,74,0,0,0,-56.0,10.25,18,81,1084.461
1084749,75,0,0,0,-61.0,8.0,18,81,1084.749
1085105,53,0,0,0,-49.0,12.0,18,81,1085.105
1085387,67,0,0,0,-67.0,7.0,18,81,1085.387
1085962,76,0,0,0,-52.0,11.75,18,81,1085.962
1086250,77,0,0,0,-61.0,10.0,18,81,1086.25
1087114,80,0,0,0,-59.0,10.25,18,81,1087.114
1087401,81,0,0,0,-53.0,10.5,18,81,1087.401
1087714,82,0,0,0,-54.0,11.75,18,81,1087.714
1088002,83,0,0,0,-55.0,11.5,18,81,1088.002
1088290,84,0,0,0,-58.0,8.25,18,81,1088.29
1088577,85,0,0,0,-69.0,6.75,18,81,1088.577
1088866,86,0,0,0,-59.0,10.25,18,81,1088.866
1089154,87,0,0,0,-61.0,7.0,18,81,1089.154
1090555,88,0,0,0,-56.0,11.25,18,81,1090.555
1090893,73,0,0,0,-53.0,11.75,18,81,1090.893
1091175,78,0,0,0,-63.0,10.25,18,81,1091.175
1091463,79,0,0,0,-53.0,10.75,18,81,1091.463
1091750,89,0,0,0,-59.0,10.5,18,81,1091.75
1092326,91,0,0,0,-53.0,10.5,18,81,1092.326
1092614,92,0,0,0,-59.0,10.5,18,81,1092.614
1092902,93,0,0,0,-49.0,12.75,18,81,1092.902
1093477,95,0,0,0,-62.0,8.75,18,81,1093.477
1094054,97,0,0,0,-62.0,10.0,18,81,1094.054
1094424,98,0,0,0,-58.0,11.75,18,81,1094.424
1095000,100,0,0,0,-59.0,11.5,18,81,1095.0
1095288,101,0,0,0,-60.0,11.5,18,75,1095.288
1095626,90,0,0,0,-53.0,11.5,18,75,1095.626
1095907,94,0,0,0,-56.0,10.25,18,75,1095.907
1096195,96,0,0,0,-58.0,10.0,18,75,1096.195
1096771,102,0,0,0,-54.0,10.75,18,75,1096.771
1097059,103,0,0,0,-56.0,11.0,18,75,1097.059
1097346,104,0,0,0,-52.0,11.5,18,75,1097.346
1097634,105,0,0,0,-66.0,3.5,18,75,1097.634
1098210,107,0,0,0,-58.0,9.75,18,75,1098.21
1098498,108,0,0,0,-52.0,11.0,18,75,1098.498
1098785,109,0,0,0,-51.0,12.0,18,75,1098.785
1099073,110,0,0,0,-50.0,11.0,18,75,1099.073
1099361,111,0,0,0,-49.0,10.75,18,75,1099.361
1099649,112,0,0,0,-61.0,9.25,18,75,1099.649
1101075,113,0,0,0,-51.0,11.0,18,87,1101.075
1101414,99,0,0,0,-49.0,11.0,18,87,1101.414
1101695,106,0,0,0,-67.0,2.75,18,87,1101.695
1101983,114,0,0,0,-53.0,11.75,18,87,1101.983
1102271,115,0,0,0,-52.0,10.5,18,87,1102.271
1102559,116,0,0,0,-52.0,11.25,18,87,1102.559
1103134,118,0,0,0,-64.0,8.5,18,87,1103.134
1103422,119,0,0,0,-53.0,11.5,18,87,1103.422
1103710,120,0,0,0,-64.0,7.75,18,87,1103.71
1103998,121,0,0,0,-58.0,9.5,18,87,1103.998
1104861,124,0,0,0,-51.0,12.0,18,87,1104.861
1105149,125,0,0,0,-49.0,11.5,18,87,1105.149
1105437,126,0,0,0,-54.0,10.5,18,87,1105.437
1105725,127,0,0,0,-52.0,11.0,18,81,1105.725
1106352,122,0,0,0,-55.0,11.75,18,81,1106.352
1106633,123,0,0,0,-54.0,10.5,18,81,1106.633
1106921,128,0,0,0,-55.0,10.25,18,81,1106.921
1107522,130,0,0,0,-53.0,12.0,18,81,1107.522
1107810,131,0,0,0,-53.0,10.25,18,81,1107.81
1108961,135,0,0,0,-55.0,11.25,18,81,1108.961
1109294,136,0,0,0,-46.0,11.25,18,81,1109.294
1109582,137,0,0,0,-53.0,10.25,18,81,1109.582
1110158,139,0,0,0,-45.0,11.5,18,81,1110.158
1110445,140,0,0,0,-49.0,11.75,18,62,1110.445
1110784,117,0,0,0,-52.0,10.5,18,62,1110.784
1111066,129,0,0,0,-50.0,11.75,18,62,1111.066
1111354,132,0,0,0,-46.0,11.5,18,62,1111.354
1111641,133,0,0,0,-47.0,11.25,18,62,1111.641
1111929,134,0,0,0,-49.0,12.0,18,62,1111.929
1112217,138,0,0,0,-56.0,9.75,18,62,1112.217
1112505,141,0,0,0,-53.0,10.5,18,62,1112.505
1112793,142,0,0,0,-50.0,11.5,18,62,1112.793
1113080,143,0,0,0,-48.0,12.0,18,62,1113.08
1113368,144,0,0,0,-52.0,10.75,18,62,1113.368
1113656,145,0,0,0,-57.0,12.25,18,62,1113.656
1113944,146,0,0,0,-62.0,0.25,18,62,1113.944
1114232,147,0,0,0,-48.0,11.0,18,62,1114.232
1114520,148,0,0,0,-57.0,10.0,18,62,1114.52
1114808,149,0,0,0,-56.0,11.75,18,62,1114.808
1117315,150,0,0,0,-58.0,10.5,18,100,1117.315
1117653,151,0,0,0,-51.0,11.0,18,100,1117.653
1117935,152,0,0,0,-68.0,6.0,18,100,1117.935
1118223,153,0,0,0,-53.0,11.5,18,100,1118.223
1118511,154,0,0,0,-61.0,11.25,18,100,1118.511
1118799,155,0,0,0,-49.0,11.5,18,100,1118.799
1119086,156,0,0,0,-52.0,8.25,18,100,1119.086
1119374,157,0,0,0,-48.0,11.5,18,100,1119.374
1119662,158,0,0,0,-49.0,12.5,18,100,1119.662
1119950,159,0,0,0,-49.0,11.25,18,100,1119.95
1120238,160,0,0,0,-55.0,11.5,18,100,1120.238
1120525,161,0,0,0,-50.0,11.75,18,100,1120.525
1120813,162,0,0,0,-49.0,11.75,18,100,1120.813
1121101,163,0,0,0,-51.0,11.5,18,100,1121.101
1121389,164,0,0,0,-56.0,10.75,18,100,1121.389
1121677,165,0,0,0,-49.0,11.25,18,100,1121.677
1121965,166,0,0,0,-55.0,11.75,18,100,1121.965
1122330,167,0,0,0,-52.0,11.75,18,100,1122.33
1122612,168,0,0,0,-49.0,11.5,18,100,1122.612
1122900,169,0,0,0,-48.0,11.25,18,100,1122.9
1123187,170,0,0,0,-67.0,6.0,18,100,1123.187
1123475,171,0,0,0,-53.0,10.0,18,100,1123.475
1123763,172,0,0,0,-58.0,10.25,18,100,1123.763
1124051,173,0,0,0,-55.0,10.75,18,100,1124.051
1124339,174,0,0,0,-50.0,11.5,18,100,1124.339
1124627,175,0,0,0,-47.0,11.75,18,100,1124.627
1124914,176,0,0,0,-51.0,11.25,18,100,1124.914
1125202,177,0,0,0,-53.0,10.75,18,100,1125.202
1125490,178,0,0,0,-51.0,11.25,18,100,1125.49
1125778,179,0,0,0,-61.0,8.75,18,100,1125.778
1126066,180,0,0,0,-55.0,11.75,18,100,1126.066
1126394,181,0,0,0,-55.0,11.0,18,100,1126.394
1128905,182,0,0,0,-49.0,11.75,18,100,1128.905
1129243,183,0,0,0,-52.0,10.5,18,100,1129.243
1129525,184,0,0,0,-56.0,10.75,18,100,1129.525
1129813,185,0,0,0,-54.0,10.75,18,100,1129.813
1130101,186,0,0,0,-53.0,11.25,18,100,1130.101
1130388,187,0,0,0,-46.0,11.5,18,100,1130.388
1130704,188,0,0,0,-54.0,11.75,18,100,1130.704
1130992,189,0,0,0,-53.0,11.0,18,100,1130.992
1131280,190,0,0,0,-54.0,11.0,18,100,1131.28
1131567,191,0,0,0,-65.0,10.0,18,100,1131.567
1131855,192,0,0,0,-56.0,11.75,18,100,1131.855
1132164,193,0,0,0,-49.0,8.75,18,100,1132.164
1132452,194,0,0,0,-47.0,11.5,18,100,1132.452
1132740,195,0,0,0,-47.0,11.0,18,100,1132.74
1133028,196,0,0,0,-48.0,11.5,18,100,1133.028
1133315,197,0,0,0,-59.0,7.75,18,100,1133.315
1133603,198,0,0,0,-54.0,11.75,18,100,1133.603
1133942,199,0,0,0,-56.0,7.0,18,100,1133.942
1134244,200,0,0,0,-52.0,11.5,18,100,1134.244
1134532,201,0,0,0,-48.0,12.0,18,100,1134.532
1134820,202,0,0,0,-51.0,11.5,18,100,1134.82
1135107,203,0,0,0,-50.0,11.0,18,100,1135.107
1135395,204,0,0,0,-54.0,10.75,18,100,1135.395
1135683,205,0,0,0,-49.0,11.25,18,100,1135.683
1135971,206,0,0,0,-58.0,11.0,18,100,1135.971
1136259,207,0,0,0,-45.0,11.25,18,100,1136.259
1136546,208,0,0,0,-55.0,11.0,18,100,1136.546
1136834,209,0,0,0,-47.0,12.0,18,100,1136.834
1137122,210,0,0,0,-47.0,11.5,18,100,1137.122
1137410,211,0,0,0,-49.0,11.5,18,100,1137.41
1137698,212,0,0,0,-48.0,11.75,18,100,1137.698
1137985,213,0,0,0,-68.0,1.75,18,100,1137.985
1138294,214,0,0,0,-43.0,11.75,18,100,1138.294
1138633,215,0,0,0,-52.0,10.25,18,100,1138.633
1138915,216,0,0,0,-53.0,11.5,18,100,1138.915
1139202,217,0,0,0,-48.0,11.75,18,100,1139.202
1139490,218,0,0,0,-54.0,10.75,18,100,1139.49
1139778,219,0,0,0,-52.0,12.0,18,100,1139.778
1140066,220,0,0,0,-50.0,10.5,18,100,1140.066
1140354,221,0,0,0,-46.0,11.25,18,100,1140.354
1140641,222,0,0,0,-54.0,11.75,18,100,1140.641
1140929,223,0,0,0,-56.0,10.25,18,100,1140.929
1141217,224,0,0,0,-56.0,11.0,18,100,1141.217
1141505,225,0,0,0,-55.0,12.0,18,100,1141.505
1141814,226,0,0,0,-51.0,11.75,18,100,1141.814
1142102,227,0,0,0,-49.0,9.5,18,100,1142.102
1142390,228,0,0,0,-58.0,11.25,18,100,1142.39
1142678,229,0,0,0,-60.0,11.25,18,100,1142.678
1142965,230,0,0,0,-57.0,12.0,18,100,1142.965
1143304,231,0,0,0,-57.0,11.25,18,100,1143.304
1143586,232,0,0,0,-58.0,10.75,18,100,1143.586
1143894,233,0,0,0,-55.0,11.0,18,100,1143.894
1144182,234,0,0,0,-55.0,11.5,18,100,1144.182
1144470,235,0,0,0,-61.0,10.75,18,100,1144.47
1144757,236,0,0,0,-60.0,3.0,18,100,1144.757
1145064,237,0,0,0,-55.0,11.5,18,100,1145.064
1145352,238,0,0,0,-57.0,12.0,18,100,1145.352
1145640,239,0,0,0,-55.0,11.0,18,100,1145.64
1145954,240,0,0,0,-56.0,10.5,18,100,1145.954
1146242,241,0,0,0,-53.0,11.5,18,100,1146.242
1146530,242,0,0,0,-54.0,12.25,18,100,1146.53
1146818,243,0,0,0,-55.0,10.0,18,100,1146.818
1147124,244,0,0,0,-55.0,11.25,18,100,1147.124
1147412,245,0,0,0,-54.0,11.75,18,100,1147.412
1147700,246,0,0,0,-61.0,9.25,18,100,1147.7
1148038,247,0,0,0,-56.0,11.0,18,100,1148.038
1148320,248,0,0,0,-54.0,11.75,18,100,1148.32
1148608,249,0,0,0,-54.0,11.25,18,100,1148.608
1148896,250,0,0,0,-52.0,11.25,18,100,1148.896
1149183,251,0,0,0,-53.0,11.75,18,100,1149.183
1149471,252,0,0,0,-62.0,10.0,18,100,1149.471
1149784,253,0,0,0,-54.0,11.0,18,100,1149.784
1150094,254,0,0,0,-59.0,9.75,18,100,1150.094
1150382,255,0,0,0,-64.0,-2.25,18,100,1150.382
1150714,256,0,0,0,-51.0,11.25,18,100,1150.714
1151002,257,0,0,0,-49.0,11.0,18,100,1151.002
1151290,258,0,0,0,-51.0,11.0,18,100,1151.29
1151578,259,0,0,0,-57.0,10.0,18,100,1151.578
1151866,260,0,0,0,-50.0,12.5,18,100,1151.866
1152174,261,0,0,0,-60.0,10.5,18,100,1152.174
1152462,262,0,0,0,-58.0,10.0,18,100,1152.462
1152820,263,0,0,0,-53.0,11.0,18,100,1152.82
1153144,264,0,0,0,-49.0,10.5,18,100,1153.144
1153432,265,0,0,0,-52.0,11.0,18,100,1153.432
1153720,266,0,0,0,-52.0,10.75,18,100,1153.72
1154007,267,0,0,0,-60.0,10.25,18,100,1154.007
1154295,268,0,0,0,-53.0,10.75,18,100,1154.295
1154583,269,0,0,0,-61.0,8.25,18,100,1154.583
1154871,270,0,0,0,-51.0,11.25,18,100,1154.871
1155184,271,0,0,0,-51.0,10.0,18,100,1155.184
1155472,272,0,0,0,-53.0,10.75,18,100,1155.472
1155760,273,0,0,0,-54.0,10.75,18,100,1155.76
1156074,274,0,0,0,-49.0,11.75,18,100,1156.074
1156362,275,0,0,0,-50.0,11.25,18,100,1156.362
1156650,276,0,0,0,-52.0,11.5,18,100,1156.65
1156938,277,0,0,0,-51.0,11.5,18,100,1156.938
1157225,278,0,0,0,-56.0,10.75,18,100,1157.225
1157564,279,0,0,0,-51.0,11.75,18,100,1157.564
1157846,280,0,0,0,-49.0,11.5,18,100,1157.846
1158134,281,0,0,0,-46.0,11.25,18,100,1158.134
1158421,282,0,0,0,-51.0,11.75,18,100,1158.421
1158709,283,0,0,0,-49.0,10.75,18,100,1158.709
1158997,284,0,0,0,-54.0,11.25,18,100,1158.997
1159285,285,0,0,0,-57.0,10.25,18,100,1159.285
1159572,286,0,0,0,-50.0,10.5,18,100,1159.572
1159884,287,0,0,0,-47.0,10.5,18,100,1159.884
1160194,288,0,0,0,-45.0,11.0,18,100,1160.194
1160482,289,0,0,0,-47.0,12.0,18,100,1160.482
1160770,290,0,0,0,-49.0,11.5,18,100,1160.77
1161058,291,0,0,0,-49.0,11.5,18,100,1161.058
1161345,292,0,0,0,-47.0,12.0,18,100,1161.345
1161633,293,0,0,0,-49.0,11.5,18,100,1161.633
1161921,294,0,0,0,-47.0,11.0,18,100,1161.921
1162260,295,0,0,0,-48.0,11.5,18,100,1162.26
1162541,296,0,0,0,-49.0,11.25,18,100,1162.541
1162829,297,0,0,0,-53.0,11.0,18,100,1162.829
1163117,298,0,0,0,-56.0,9.75,18,100,1163.117
1163405,299,0,0,0,-48.0,11.5,18,100,1163.405
1163714,300,0,0,0,-48.0,12.0,18,100,1163.714
1164002,301,0,0,0,-51.0,12.0,18,100,1164.002
1164290,302,0,0,0,-53.0,11.75,18,100,1164.29
1164577,303,0,0,0,-61.0,11.25,18,100,1164.577
1164865,304,0,0,0,-50.0,10.75,18,100,1164.865
1165153,305,0,0,0,-49.0,11.25,18,100,1165.153
1165441,306,0,0,0,-46.0,10.25,18,100,1165.441
1165729,307,0,0,0,-48.0,12.0,18,100,1165.729
1166044,308,0,0,0,-51.0,11.0,18,100,1166.044
1166332,309,0,0,0,-53.0,7.75,18,100,1166.332
1166644,310,0,0,0,-55.0,10.75,18,100,1166.644
1166983,311,0,0,0,-48.0,11.5,18,100,1166.983
1167265,312,0,0,0,-49.0,11.25,18,100,1167.265
1167552,313,0,0,0,-60.0,11.0,18,100,1167.552
1167840,314,0,0,0,-55.0,11.75,18,100,1167.84
1168128,315,0,0,0,-50.0,12.0,18,100,1168.128
1168416,316,0,0,0,-51.0,10.5,18,100,1168.416
1168704,317,0,0,0,-49.0,11.0,18,100,1168.704
1168991,318,0,0,0,-57.0,10.5,18,100,1168.991
1169279,319,0,0,0,-49.0,10.75,18,100,1169.279
1169567,320,0,0,0,-53.0,12.5,18,100,1169.567
1169855,321,0,0,0,-47.0,11.0,18,100,1169.855
1170143,322,0,0,0,-53.0,11.0,18,100,1170.143
1170431,323,0,0,0,-51.0,11.0,18,100,1170.431
1170718,324,0,0,0,-52.0,11.25,18,100,1170.718
1171006,325,0,0,0,-48.0,11.25,18,100,1171.006
1171294,326,0,0,0,-52.0,11.0,18,100,1171.294
1171633,327,0,0,0,-52.0,10.75,18,100,1171.633
1171914,328,0,0,0,-49.0,9.25,18,100,1171.914
1172202,329,0,0,0,-49.0,11.5,18,100,1172.202
1172490,330,0,0,0,-47.0,12.25,18,100,1172.49
1172778,331,0,0,0,-49.0,11.0,18,100,1172.778
1173066,332,0,0,0,-48.0,12.0,18,100,1173.066
1173353,333,0,0,0,-64.0,8.5,18,100,1173.353
1173641,334,0,0,0,-48.0,12.0,18,100,1173.641
1173929,335,0,0,0,-52.0,11.5,18,100,1173.929
1174217,336,0,0,0,-54.0,10.75,18,100,1174.217
1174505,337,0,0,0,-63.0,10.0,18,100,1174.505
1174793,338,0,0,0,-49.0,11.25,18,100,1174.793
1175080,339,0,0,0,-51.0,11.25,18,100,1175.08
1175368,340,0,0,0,-49.0,11.25,18,100,1175.368
1175684,341,0,0,0,-50.0,10.75,18,100,1175.684
1175972,342,0,0,0,-48.0,11.25,18,100,1175.972
1176311,343,0,0,0,-51.0,10.75,18,100,1176.311
1176592,344,0,0,0,-47.0,10.75,18,100,1176.592
1176880,345,0,0,0,-56.0,4.25,18,100,1176.88
1177168,346,0,0,0,-48.0,10.5,18,100,1177.168
1177484,347,0,0,0,-47.0,10.75,18,100,1177.484
1177772,348,0,0,0,-50.0,10.25,18,100,1177.772
1178060,349,0,0,0,-56.0,12.0,18,100,1178.06
1178347,350,0,0,0,-48.0,11.5,18,100,1178.347
1178635,351,0,0,0,-45.0,11.75,18,100,1178.635
1178923,352,0,0,0,-46.0,11.75,18,100,1178.923
1179211,353,0,0,0,-48.0,11.0,18,100,1179.211
1179499,354,0,0,0,-48.0,13.25,18,100,1179.499
1179787,355,0,0,0,-49.0,12.0,18,100,1179.787
1180074,356,0,0,0,-48.0,11.75,18,100,1180.074
1180362,357,0,0,0,-48.0,11.25,18,100,1180.362
1180650,358,0,0,0,-48.0,10.75,18,100,1180.65
1180989,359,0,0,0,-48.0,10.75,18,100,1180.989
1181270,360,0,0,0,-49.0,11.75,18,100,1181.27
1181558,361,0,0,0,-50.0,10.5,18,100,1181.558
1181846,362,0,0,0,-46.0,9.25,18,100,1181.846
1182134,363,0,0,0,-47.0,11.0,18,100,1182.134
1182422,364,0,0,0,-45.0,11.5,18,100,1182.422
1182709,365,0,0,0,-48.0,12.25,18,100,1182.709
1182997,366,0,0,0,-46.0,12.0,18,100,1182.997
1183285,367,0,0,0,-47.0,12.25,18,100,1183.285
1183573,368,0,0,0,-48.0,12.0,18,100,1183.573
1183861,369,0,0,0,-50.0,11.5,18,100,1183.861
1184148,370,0,0,0,-48.0,12.0,18,100,1184.148
1184436,371,0,0,0,-48.0,11.25,18,100,1184.436
1184724,372,0,0,0,-49.0,10.25,18,100,1184.724
1185012,373,0,0,0,-48.0,10.75,18,100,1185.012
1185300,374,0,0,0,-49.0,10.5,18,100,1185.3
1185638,375,0,0,0,-48.0,11.25,18,100,1185.638
1185920,376,0,0,0,-47.0,11.75,18,100,1185.92
1186294,377,0,0,0,-50.0,10.25,18,100,1186.294
1186582,378,0,0,0,-47.0,9.75,18,100,1186.582
1186870,379,0,0,0,-49.0,10.25,18,100,1186.87
1187157,380,0,0,0,-48.0,10.75,18,100,1187.157
1187445,381,0,0,0,-49.0,12.5,18,100,1187.445
1187733,382,0,0,0,-48.0,10.5,18,100,1187.733
1188021,383,0,0,0,-50.0,10.75,18,100,1188.021
1188309,384,0,0,0,-49.0,10.75,18,100,1188.309
1188597,385,0,0,0,-49.0,11.5,18,100,1188.597
1188884,386,0,0,0,-50.0,11.0,18,100,1188.884
1189172,387,0,0,0,-52.0,10.5,18,100,1189.172
1189460,388,0,0,0,-53.0,10.5,18,100,1189.46
1189748,389,0,0,0,-53.0,12.25,18,100,1189.748
1190036,390,0,0,0,-48.0,11.25,18,100,1190.036
1190385,391,0,0,0,-47.0,11.0,18,100,1190.385
1190667,392,0,0,0,-47.0,11.25,18,100,1190.667
1190955,393,0,0,0,-48.0,11.5,18,100,1190.955
1191242,394,0,0,0,-48.0,11.25,18,100,1191.242
1191530,395,0,0,0,-44.0,10.5,18,100,1191.53
1191818,396,0,0,0,-46.0,11.25,18,100,1191.818
1192106,397,0,0,0,-45.0,11.25,18,100,1192.106
1192394,398,0,0,0,-44.0,12.0,18,100,1192.394
1192681,399,0,0,0,-45.0,11.75,18,100,1192.681
1192994,400,0,0,0,-44.0,13.25,18,100,1192.994
1193304,401,0,0,0,-43.0,11.0,18,100,1193.304
1193592,402,0,0,0,-44.0,11.25,18,100,1193.592
1193880,403,0,0,0,-45.0,11.25,18,100,1193.88
1194168,404,0,0,0,-44.0,11.25,18,100,1194.168
1194455,405,0,0,0,-42.0,11.5,18,100,1194.455
1194743,406,0,0,0,-43.0,11.0,18,100,1194.743
1195082,407,0,0,0,-43.0,11.25,18,100,1195.082
1195364,408,0,0,0,-44.0,11.5,18,100,1195.364
1195652,409,0,0,0,-45.0,11.25,18,100,1195.652
1195939,410,0,0,0,-47.0,11.0,18,100,1195.939
1196227,411,0,0,0,-44.0,11.25,18,100,1196.227
1196515,412,0,0,0,-43.0,11.25,18,100,1196.515
1196803,413,0,0,0,-44.0,11.75,18,100,1196.803
1197091,414,0,0,0,-47.0,11.25,18,100,1197.091
1197378,415,0,0,0,-47.0,10.75,18,100,1197.378
1197694,416,0,0,0,-48.0,11.0,18,100,1197.694
1197982,417,0,0,0,-45.0,11.5,18,100,1197.982
1198270,418,0,0,0,-46.0,11.25,18,100,1198.27
1198584,419,0,0,0,-48.0,11.75,18,100,1198.584
1198872,420,0,0,0,-46.0,11.75,18,100,1198.872
1199160,421,0,0,0,-47.0,11.25,18,100,1199.16
1199447,422,0,0,0,-47.0,11.25,18,100,1199.447
1199786,423,0,0,0,-50.0,12.0,18,100,1199.786
1200068,424,0,0,0,-47.0,9.75,18,100,1200.068
1200384,425,0,0,0,-47.0,12.0,18,100,1200.384
1200672,426,0,0,0,-46.0,11.75,18,100,1200.672
1200960,427,0,0,0,-46.0,12.0,18,100,1200.96
1201247,428,0,0,0,-47.0,10.75,18,100,1201.247
1201535,429,0,0,0,-44.0,11.0,18,100,1201.535
1201823,430,0,0,0,-45.0,11.25,18,100,1201.823
1202111,431,0,0,0,-46.0,11.75,18,100,1202.111
1202399,432,0,0,0,-45.0,11.25,18,100,1202.399
1202687,433,0,0,0,-44.0,11.5,18,100,1202.687
1202974,434,0,0,0,-44.0,11.25,18,100,1202.974
1203262,435,0,0,0,-45.0,12.0,18,100,1203.262
1203550,436,0,0,0,-46.0,10.5,18,100,1203.55
1203838,437,0,0,0,-44.0,11.0,18,100,1203.838
1204126,438,0,0,0,-47.0,11.0,18,100,1204.126
1204495,439,0,0,0,-47.0,11.5,18,100,1204.495
1204777,440,0,0,0,-49.0,12.25,18,100,1204.777
1205065,441,0,0,0,-46.0,13.25,18,100,1205.065
1205352,442,0,0,0,-45.0,12.0,18,100,1205.352
1205664,443,0,0,0,-48.0,11.75,18,100,1205.664
1205952,444,0,0,0,-45.0,11.0,18,100,1205.952
1206240,445,0,0,0,-48.0,11.5,18,100,1206.24
1206528,446,0,0,0,-45.0,12.0,18,100,1206.528
1206815,447,0,0,0,-47.0,11.5,18,100,1206.815
1207103,448,0,0,0,-46.0,11.75,18,100,1207.103
1207434,449,0,0,0,-47.0,11.25,18,100,1207.434
1207722,450,0,0,0,-47.0,11.25,18,100,1207.722
1208010,451,0,0,0,-48.0,11.5,18,100,1208.01
1208297,452,0,0,0,-49.0,12.0,18,100,1208.297
1208585,453,0,0,0,-48.0,12.0,18,100,1208.585
1208873,454,0,0,0,-48.0,11.75,18,100,1208.873
1209212,455,0,0,0,-48.0,11.5,18,100,1209.212
1209494,456,0,0,0,-48.0,12.25,18,100,1209.494
1209781,457,0,0,0,-47.0,11.75,18,100,1209.781
1210069,458,0,0,0,-48.0,11.0,18,100,1210.069
1210357,459,0,0,0,-50.0,11.0,18,100,1210.357
1210645,460,0,0,0,-50.0,10.0,18,100,1210.645
1210933,461,0,0,0,-49.0,11.5,18,100,1210.933
1211220,462,0,0,0,-52.0,11.25,18,100,1211.22
1211508,463,0,0,0,-53.0,10.5,18,100,1211.508
1211796,464,0,0,0,-51.0,12.5,18,100,1211.796
1212084,465,0,0,0,-51.0,11.5,18,100,1212.084
1212372,466,0,0,0,-51.0,12.0,18,100,1212.372
1212660,467,0,0,0,-55.0,11.25,18,100,1212.66
1212947,468,0,0,0,-52.0,11.5,18,100,1212.947
1213254,469,0,0,0,-53.0,11.0,18,100,1213.254
1213542,470,0,0,0,-49.0,10.75,18,100,1213.542
1213881,471,0,0,0,-50.0,11.75,18,100,1213.881
1214162,472,0,0,0,-47.0,11.0,18,100,1214.162
1214450,473,0,0,0,-47.0,11.75,18,100,1214.45
1214738,474,0,0,0,-54.0,11.75,18,100,1214.738
1215026,475,0,0,0,-54.0,12.0,18,100,1215.026
1215314,476,0,0,0,-50.0,12.0,18,100,1215.314
1215601,477,0,0,0,-52.0,11.25,18,100,1215.601
1215889,478,0,0,0,-48.0,11.75,18,100,1215.889
1216177,479,0,0,0,-48.0,11.5,18,100,1216.177
1216466,480,0,0,0,-49.0,11.25,18,100,1216.466
1216754,481,0,0,0,-49.0,11.25,18,100,1216.754
1217042,482,0,0,0,-48.0,11.75,18,100,1217.042
1217330,483,0,0,0,-49.0,11.25,18,100,1217.33
1217617,484,0,0,0,-48.0,11.0,18,100,1217.617
1217905,485,0,0,0,-46.0,12.0,18,100,1217.905
1218193,486,0,0,0,-46.0,11.25,18,100,1218.193
1218580,487,0,0,0,-47.0,10.75,18,100,1218.58
1218862,488,0,0,0,-49.0,11.25,18,100,1218.862
1219150,489,0,0,0,-50.0,11.25,18,100,1219.15
1219437,490,0,0,0,-49.0,10.75,18,100,1219.437
1219725,491,0,0,0,-45.0,11.25,18,100,1219.725
1220013,492,0,0,0,-49.0,11.5,18,100,1220.013
1220301,493,0,0,0,-48.0,11.0,18,100,1220.301
1220589,494,0,0,0,-49.0,12.0,18,100,1220.589
1220877,495,0,0,0,-47.0,11.75,18,100,1220.877
1221164,496,0,0,0,-48.0,11.5,18,100,1221.164
1221452,497,0,0,0,-48.0,11.5,18,100,1221.452
1221740,498,0,0,0,-48.0,11.75,18,100,1221.74
1222028,499,0,0,0,-49.0,11.5,18,100,1222.028
1222316,500,0,0,0,-49.0,11.0,18,100,1222.316
1222604,501,0,0,0,-53.0,11.5,18,100,1222.604
1222892,502,0,0,0,-48.0,12.25,18,100,1222.892
1223231,503,0,0,0,-47.0,11.5,18,100,1223.231
1223512,504,0,0,0,-50.0,11.0,18,100,1223.512
1223800,505,0,0,0,-50.0,11.25,18,100,1223.8
1224088,506,0,0,0,-50.0,12.0,18,100,1224.088
1224376,507,0,0,0,-51.0,10.75,18,100,1224.376
1224684,508,0,0,0,-54.0,11.5,18,100,1224.684
1224972,509,0,0,0,-57.0,10.5,18,100,1224.972
1225260,510,0,0,0,-57.0,12.5,18,100,1225.26
1225547,511,0,0,0,-54.0,10.25,18,100,1225.547
1225835,512,0,0,0,-59.0,10.75,18,100,1225.835
1226123,513,0,0,0,-64.0,8.25,18,100,1226.123
1226411,514,0,0,0,-65.0,8.5,18,100,1226.411
1226699,515,0,0,0,-64.0,8.0,18,100,1226.699
1226987,516,0,0,0,-67.0,8.5,18,100,1226.987
1227274,517,0,0,0,-61.0,11.25,18,100,1227.274
1227562,518,0,0,0,-60.0,10.0,18,100,1227.562
1228189,520,0,0,0,-53.0,11.0,18,100,1228.189
1228470,521,0,0,0,-49.0,9.5,18,100,1228.47
1228758,522,0,0,0,-56.0,11.25,18,100,1228.758
1229046,523,0,0,0,-52.0,11.25,18,100,1229.046
1229334,524,0,0,0,-55.0,10.75,18,100,1229.334
1229622,525,0,0,0,-50.0,11.75,18,100,1229.622
1229909,526,0,0,0,-52.0,11.25,18,100,1229.909
1230197,527,0,0,0,-60.0,10.75,18,100,1230.197
1230485,528,0,0,0,-58.0,9.5,18,100,1230.485
1230773,529,0,0,0,-69.0,8.0,18,100,1230.773
1231061,530,0,0,0,-62.0,11.5,18,100,1231.061
1231349,531,0,0,0,-63.0,11.5,18,100,1231.349
1231636,532,0,0,0,-52.0,11.5,18,100,1231.636
1231924,533,0,0,0,-68.0,7.25,18,100,1231.924
1232212,534,0,0,0,-67.0,7.0,18,93,1232.212
1233325,534,0,0,0,-56.0,11.75,18,93,1233.325
1233951,535,0,0,0,-52.0,11.25,18,93,1233.951
1234233,536,0,0,0,-54.0,10.25,18,93,1234.233
1234521,537,0,0,0,-54.0,11.0,18,93,1234.521
1234809,538,0,0,0,-53.0,11.0,18,93,1234.809
1235096,539,0,0,0,-53.0,9.75,18,93,1235.096
1235384,540,0,0,0,-50.0,12.0,18,93,1235.384
1235672,541,0,0,0,-52.0,11.25,18,93,1235.672
1235960,542,0,0,0,-55.0,10.75,18,93,1235.96
1236248,543,0,0,0,-56.0,11.0,18,93,1236.248
1236535,544,0,0,0,-61.0,7.0,18,93,1236.535
1237152,546,0,0,0,-63.0,9.25,18,93,1237.152
1237440,547,0,0,0,-64.0,11.75,18,93,1237.44
1237728,548,0,0,0,-62.0,9.75,18,93,1237.728
1239125,549,0,0,0,-56.0,11.75,18,87,1239.125
1239463,519,0,0,0,-59.0,8.75,18,87,1239.463
1240033,550,0,0,0,-64.0,8.75,18,87,1240.033
1240321,551,0,0,0,-58.0,10.0,18,87,1240.321
1240609,552,0,0,0,-66.0,5.25,18,87,1240.609
1240896,553,0,0,0,-55.0,11.25,18,87,1240.896
1241184,554,0,0,0,-63.0,8.25,18,87,1241.184
1241472,555,0,0,0,-58.0,3.25,18,87,1241.472
1241760,556,0,0,0,-58.0,10.75,18,87,1241.76
1242048,557,0,0,0,-62.0,10.25,18,87,1242.048
1242336,558,0,0,0,-69.0,10.25,18,87,1242.336
1242623,559,0,0,0,-60.0,11.5,18,87,1242.623
1242911,560,0,0,0,-60.0,10.5,18,87,1242.911
1243199,561,0,0,0,-56.0,11.25,18,87,1243.199
1243487,562,0,0,0,-52.0,11.25,18,87,1243.487
1243775,563,0,0,0,-52.0,11.25,18,93,1243.775
1244113,545,0,0,0,-55.0,11.5,18,93,1244.113
1244395,564,0,0,0,-51.0,11.0,18,93,1244.395
1244704,565,0,0,0,-57.0,11.5,18,93,1244.704
1244992,566,0,0,0,-58.0,11.0,18,93,1244.992
1245280,567,0,0,0,-53.0,10.75,18,93,1245.28
1245567,568,0,0,0,-50.0,11.25,18,93,1245.567
1245855,569,0,0,0,-47.0,11.5,18,93,1245.855
1246143,570,0,0,0,-47.0,11.25,18,93,1246.143
1246431,571,0,0,0,-46.0,11.25,18,93,1246.431
1246719,572,0,0,0,-48.0,10.5,18,93,1246.719
1247007,573,0,0,0,-50.0,10.75,18,93,1247.007
1247294,574,0,0,0,-49.0,11.25,18,93,1247.294
1247582,575,0,0,0,-49.0,11.25,18,93,1247.582
1247870,576,0,0,0,-48.0,11.25,18,93,1247.87
1248158,577,0,0,0,-52.0,11.25,18,93,1248.158
1248474,578,0,0,0,-54.0,11.25,18,100,1248.474
1248813,579,0,0,0,-57.0,11.0,18,100,1248.813
1249095,580,0,0,0,-57.0,10.75,18,100,1249.095
1249382,581,0,0,0,-54.0,10.25,18,100,1249.382
1249670,582,0,0,0,-52.0,11.75,18,100,1249.67
1249958,583,0,0,0,-53.0,12.5,18,100,1249.958
1250246,584,0,0,0,-53.0,11.5,18,100,1250.246
1250534,585,0,0,0,-56.0,11.5,18,100,1250.534
1250821,586,0,0,0,-61.0,9.5,18,100,1250.821
1251397,588,0,0,0,-59.0,6.0,18,100,1251.397
1251685,589,0,0,0,-54.0,10.75,18,100,1251.685
1251973,590,0,0,0,-53.0,11.5,18,100,1251.973
1252260,591,0,0,0,-62.0,9.25,18,100,1252.26
1253124,594,0,0,0,-58.0,10.25,18,81,1253.124
1253463,587,0,0,0,-60.0,9.5,18,81,1253.463
1253744,592,0,0,0,-55.0,10.75,18,81,1253.744
1254032,593,0,0,0,-56.0,11.0,18,81,1254.032
1254320,595,0,0,0,-56.0,10.75,18,81,1254.32
1254608,596,0,0,0,-56.0,10.25,18,81,1254.608
1254895,597,0,0,0,-66.0,10.75,18,81,1254.895
1255183,598,0,0,0,-62.0,10.5,18,81,1255.183
1255471,599,0,0,0,-51.0,8.75,18,81,1255.471
1255759,600,0,0,0,-52.0,10.75,18,81,1255.759
1256047,601,0,0,0,-56.0,11.5,18,81,1256.047
1256335,602,0,0,0,-55.0,12.25,18,81,1256.335
1256623,603,0,0,0,-63.0,10.25,18,81,1256.623
1256910,604,0,0,0,-62.0,8.5,18,81,1256.91
1257224,605,0,0,0,-51.0,11.5,18,81,1257.224
1257512,606,0,0,0,-49.0,12.25,18,81,1257.512
1257800,607,0,0,0,-49.0,10.75,18,100,1257.8
1258138,608,0,0,0,-54.0,9.5,18,100,1258.138
1258420,609,0,0,0,-53.0,11.25,18,100,1258.42
1258708,610,0,0,0,-52.0,11.25,18,100,1258.708
1258996,611,0,0,0,-60.0,8.5,18,100,1258.996
1259284,612,0,0,0,-51.0,10.75,18,100,1259.284
1259571,613,0,0,0,-55.0,11.0,18,100,1259.571
1259859,614,0,0,0,-51.0,11.75,18,100,1259.859
1260147,615,0,0,0,-55.0,10.25,18,100,1260.147
1260435,616,0,0,0,-53.0,9.25,18,100,1260.435
1260723,617,0,0,0,-50.0,11.25,18,100,1260.723
1261011,618,0,0,0,-53.0,12.0,18,100,1261.011
1261298,619,0,0,0,-55.0,11.25,18,100,1261.298
1261586,620,0,0,0,-56.0,10.25,18,100,1261.586
1261874,621,0,0,0,-51.0,11.25,18,100,1261.874
1262162,622,0,0,0,-57.0,11.0,18,100,1262.162
1262450,623,0,0,0,-52.0,11.25,18,100,1262.45
1262788,624,0,0,0,-51.0,11.5,18,100,1262.788
1263070,625,0,0,0,-52.0,10.75,18,100,1263.07
1263358,626,0,0,0,-60.0,7.75,18,100,1263.358
1263646,627,0,0,0,-53.0,10.75,18,100,1263.646
1263933,628,0,0,0,-53.0,11.75,18,100,1263.933
1264221,629,0,0,0,-57.0,11.75,18,100,1264.221
1264509,630,0,0,0,-58.0,9.0,18,100,1264.509
1264797,631,0,0,0,-52.0,12.0,18,100,1264.797
1265085,632,0,0,0,-60.0,8.0,18,100,1265.085
1265373,633,0,0,0,-55.0,10.5,18,100,1265.373
1265660,634,0,0,0,-52.0,10.75,18,100,1265.66
1265948,635,0,0,0,-50.0,11.25,18,100,1265.948
1266236,636,0,0,0,-58.0,5.75,18,100,1266.236
1266812,638,0,0,0,-55.0,11.5,18,100,1266.812
1267099,639,0,0,0,-51.0,12.0,18,93,1267.099
1267438,637,0,0,0,-58.0,11.0,18,93,1267.438
1267720,640,0,0,0,-51.0,11.25,18,93,1267.72
1268008,641,0,0,0,-53.0,11.5,18,93,1268.008
1268314,642,0,0,0,-55.0,10.75,18,93,1268.314
1268602,643,0,0,0,-57.0,12.25,18,93,1268.602
1268890,644,0,0,0,-55.0,11.5,18,93,1268.89
1269177,645,0,0,0,-47.0,10.75,18,93,1269.177
1269465,646,0,0,0,-55.0,10.75,18,93,1269.465
1269753,647,0,0,0,-53.0,10.75,18,93,1269.753
1270041,648,0,0,0,-58.0,9.5,18,93,1270.041
1270617,650,0,0,0,-50.0,10.75,18,93,1270.617
1270904,651,0,0,0,-54.0,11.25,18,93,1270.904
1271192,652,0,0,0,-57.0,11.25,18,93,1271.192
1271480,653,0,0,0,-52.0,11.25,18,93,1271.48
1271768,654,0,0,0,-59.0,11.25,18,93,1271.768
1272130,649,0,0,0,-58.0,10.5,18,93,1272.13
1272412,655,0,0,0,-55.0,12.0,18,93,1272.412
1272700,656,0,0,0,-52.0,13.25,18,93,1272.7
1272987,657,0,0,0,-59.0,2.75,18,93,1272.987
1273275,658,0,0,0,-52.0,11.25,18,93,1273.275
1273563,659,0,0,0,-58.0,10.25,18,93,1273.563
1273851,660,0,0,0,-55.0,11.25,18,93,1273.851
1274139,661,0,0,0,-55.0,10.5,18,93,1274.139
1274426,662,0,0,0,-59.0,9.5,18,93,1274.426
1274714,663,0,0,0,-55.0,10.75,18,93,1274.714
1275002,664,0,0,0,-53.0,11.0,18,93,1275.002
1275578,666,0,0,0,-57.0,8.75,18,93,1275.578
1275866,667,0,0,0,-47.0,11.5,18,93,1275.866
1276153,668,0,0,0,-73.0,4.0,18,93,1276.153
1276441,669,0,0,0,-55.0,10.75,18,93,1276.441
1276795,665,0,0,0,-52.0,11.5,18,93,1276.795
1277077,670,0,0,0,-51.0,11.75,18,93,1277.077
1277365,671,0,0,0,-51.0,13.0,18,93,1277.365
1277674,672,0,0,0,-49.0,11.0,18,93,1277.674
1277962,673,0,0,0,-50.0,11.25,18,93,1277.962
1278250,674,0,0,0,-52.0,11.25,18,93,1278.25
1334260,0,0,0,0,-46.0,11.5,18,100,1334.26
1334585,1,0,0,0,-46.0,12.5,18,100,1334.585
1334867,2,0,0,0,-46.0,11.5,18,100,1334.867
1335155,3,0,0,0,-48.0,10.75,18,100,1335.155
1335443,4,0,0,0,-48.0,13.0,18,100,1335.443
1335730,5,0,0,0,-50.0,12.5,18,100,1335.73
1336018,6,0,0,0,-51.0,13.5,18,100,1336.018
1336357,7,0,0,0,-51.0,13.0,18,100,1336.357
1336638,8,0,0,0,-53.0,12.25,18,100,1336.638
1336926,9,0,0,0,-53.0,11.5,18,100,1336.926
1337239,10,0,0,0,-45.0,12.25,18,100,1337.239
1337527,11,0,0,0,-46.0,11.25,18,100,1337.527
1337815,12,0,0,0,-50.0,10.0,18,100,1337.815
1338102,13,0,0,0,-51.0,11.75,18,100,1338.102
1339500,14,0,0,0,-52.0,12.25,18,100,1339.5
1339839,15,0,0,0,-43.0,12.5,18,100,1339.839
1340139,16,0,0,0,-49.0,12.0,18,100,1340.139
1340427,17,0,0,0,-48.0,13.25,18,100,1340.427
1340715,18,0,0,0,-51.0,10.75,18,100,1340.715
1341003,19,0,0,0,-43.0,11.5,18,100,1341.003
1341290,20,0,0,0,-48.0,12.25,18,100,1341.29
1341578,21,0,0,0,-57.0,10.75,18,100,1341.578
1341866,22,0,0,0,-54.0,8.75,18,100,1341.866
1342154,23,0,0,0,-47.0,11.0,18,100,1342.154
1342442,24,0,0,0,-47.0,12.0,18,100,1342.442
1342730,25,0,0,0,-48.0,12.25,18,100,1342.73
1343017,26,0,0,0,-50.0,12.5,18,100,1343.017
1343593,28,0,0,0,-49.0,9.75,18,100,1343.593
1343881,29,0,0,0,-62.0,5.0,18,100,1343.881
1345280,30,0,0,0,-49.0,9.75,18,93,1345.28
1345655,27,0,0,0,-45.0,12.75,18,93,1345.655
1345937,31,0,0,0,-56.0,11.75,18,93,1345.937
1346225,32,0,0,0,-48.0,11.75,18,93,1346.225
1346512,33,0,0,0,-47.0,12.25,18,93,1346.512
1346800,34,0,0,0,-51.0,10.25,18,93,1346.8
1347376,36,0,0,0,-46.0,11.5,18,93,1347.376
1347664,37,0,0,0,-42.0,11.5,18,93,1347.664
1347951,38,0,0,0,-39.0,12.0,18,93,1347.951
1348239,39,0,0,0,-41.0,12.25,18,93,1348.239
1348549,40,0,0,0,-41.0,13.25,18,93,1348.549
1348837,41,0,0,0,-47.0,12.0,18,93,1348.837
1349125,42,0,0,0,-48.0,10.5,18,93,1349.125
1349413,43,0,0,0,-54.0,12.5,18,93,1349.413
1349701,44,0,0,0,-45.0,11.75,18,93,1349.701
1349988,45,0,0,0,-41.0,12.5,18,93,1349.988
1350327,35,0,0,0,-40.0,12.5,18,93,1350.327
1350609,46,0,0,0,-46.0,12.5,18,93,1350.609
1350896,47,0,0,0,-52.0,11.5,18,93,1350.896
1351184,48,0,0,0,-47.0,13.0,18,93,1351.184
1351472,49,0,0,0,-41.0,10.75,18,93,1351.472
1351779,50,0,0,0,-51.0,11.25,18,93,1351.779
1352067,51,0,0,0,-41.0,12.0,18,93,1352.067
1352379,52,0,0,0,-41.0,11.5,18,93,1352.379
1352709,53,0,0,0,-38.0,12.75,18,93,1352.709
1352997,54,0,0,0,-39.0,10.75,18,93,1352.997
1353285,55,0,0,0,-35.0,12.5,18,93,1353.285
1353573,56,0,0,0,-36.0,11.0,18,93,1353.573
1353861,57,0,0,0,-35.0,12.25,18,93,1353.861
1354148,58,0,0,0,-31.0,10.5,18,93,1354.148
1354436,59,0,0,0,-35.0,12.75,18,93,1354.436
1354724,60,0,0,0,-39.0,11.5,18,100,1354.724
1355063,61,0,0,0,-39.0,11.5,18,100,1355.063
1355344,62,0,0,0,-38.0,12.0,18,100,1355.344
1355632,63,0,0,0,-33.0,12.0,18,100,1355.632
1355920,64,0,0,0,-35.0,12.0,18,100,1355.92
1356208,65,0,0,0,-38.0,12.5,18,100,1356.208
1356495,66,0,0,0,-39.0,12.75,18,100,1356.495
1356783,67,0,0,0,-38.0,11.25,18,100,1356.783
1357071,68,0,0,0,-39.0,11.75,18,100,1357.071
1357359,69,0,0,0,-44.0,10.5,18,100,1357.359
1357647,70,0,0,0,-36.0,12.25,18,100,1357.647
1357935,71,0,0,0,-43.0,12.25,18,100,1357.935
1358222,72,0,0,0,-42.0,11.25,18,100,1358.222
1358510,73,0,0,0,-42.0,12.5,18,100,1358.51
1358798,74,0,0,0,-43.0,12.25,18,100,1358.798
1359086,75,0,0,0,-37.0,11.75,18,100,1359.086
1359374,76,0,0,0,-37.0,12.25,18,100,1359.374
1359735,77,0,0,0,-43.0,12.0,18,100,1359.735
1360017,78,0,0,0,-46.0,12.0,18,100,1360.017
1360305,79,0,0,0,-44.0,10.5,18,100,1360.305
1360593,80,0,0,0,-59.0,10.0,18,100,1360.593
1360881,81,0,0,0,-45.0,11.75,18,100,1360.881
1361168,82,0,0,0,-42.0,12.75,18,100,1361.168
1361456,83,0,0,0,-44.0,12.25,18,100,1361.456
1361744,84,0,0,0,-40.0,12.0,18,100,1361.744
1362032,85,0,0,0,-39.0,12.5,18,100,1362.032
1362320,86,0,0,0,-38.0,12.5,18,100,1362.32
1362607,87,0,0,0,-34.0,12.0,18,100,1362.607
1362895,88,0,0,0,-35.0,11.5,18,100,1362.895
1363183,89,0,0,0,-37.0,11.75,18,100,1363.183
1363471,90,0,0,0,-39.0,12.0,18,100,1363.471
1363759,91,0,0,0,-40.0,11.75,18,100,1363.759
1364046,92,0,0,0,-45.0,12.0,18,100,1364.046
1364385,93,0,0,0,-52.0,10.75,18,100,1364.385
1364667,94,0,0,0,-52.0,11.75,18,100,1364.667
1364955,95,0,0,0,-42.0,12.0,18,100,1364.955
1365242,96,0,0,0,-52.0,11.5,18,100,1365.242
1365530,97,0,0,0,-55.0,9.25,18,100,1365.53
1365818,98,0,0,0,-46.0,11.75,18,100,1365.818
1366106,99,0,0,0,-50.0,11.25,18,100,1366.106
1366393,100,0,0,0,-50.0,11.75,18,100,1366.393
1366681,101,0,0,0,-45.0,12.5,18,100,1366.681
1366969,102,0,0,0,-42.0,11.75,18,100,1366.969
1367257,103,0,0,0,-47.0,11.25,18,100,1367.257
1367545,104,0,0,0,-48.0,11.75,18,100,1367.545
1367833,105,0,0,0,-43.0,12.25,18,100,1367.833
1368120,106,0,0,0,-43.0,11.5,18,100,1368.12
1368408,107,0,0,0,-63.0,8.0,18,100,1368.408
1368696,108,0,0,0,-48.0,12.0,18,100,1368.696
1369035,109,0,0,0,-40.0,11.5,18,100,1369.035
1369316,110,0,0,0,-39.0,11.5,18,100,1369.316
1369604,111,0,0,0,-41.0,11.0,18,100,1369.604
1369892,112,0,0,0,-52.0,11.0,18,100,1369.892
1370180,113,0,0,0,-62.0,7.75,18,100,1370.18
1370468,114,0,0,0,-58.0,11.5,18,100,1370.468
1370755,115,0,0,0,-46.0,12.25,18,100,1370.755
1371043,116,0,0,0,-42.0,11.75,18,100,1371.043
1371331,117,0,0,0,-42.0,11.75,18,100,1371.331
1371619,118,0,0,0,-45.0,11.5,18,100,1371.619
1371907,119,0,0,0,-54.0,10.0,18,100,1371.907
1372194,120,0,0,0,-55.0,12.25,18,100,1372.194
1372482,121,0,0,0,-42.0,11.25,18,100,1372.482
1373058,123,0,0,0,-46.0,12.25,18,100,1373.058
1373346,124,0,0,0,-50.0,11.5,18,93,1373.346
1373684,122,0,0,0,-52.0,11.25,18,93,1373.684
1373966,125,0,0,0,-46.0,10.0,18,93,1373.966
1374254,126,0,0,0,-46.0,10.5,18,93,1374.254
1374542,127,0,0,0,-57.0,11.5,18,93,1374.542
1374829,128,0,0,0,-58.0,9.75,18,93,1374.829
1375117,129,0,0,0,-39.0,11.5,18,93,1375.117
1375405,130,0,0,0,-44.0,11.5,18,93,1375.405
1375693,131,0,0,0,-38.0,12.5,18,93,1375.693
1375981,132,0,0,0,-38.0,11.5,18,93,1375.981
1376268,133,0,0,0,-47.0,11.75,18,93,1376.268
1376599,134,0,0,0,-38.0,12.0,18,93,1376.599
1376909,135,0,0,0,-40.0,11.5,18,93,1376.909
1377197,136,0,0,0,-39.0,11.75,18,93,1377.197
1377485,137,0,0,0,-37.0,12.0,18,93,1377.485
1377773,138,0,0,0,-35.0,11.75,18,93,1377.773
1378061,139,0,0,0,-42.0,11.5,18,100,1378.061
1378415,140,0,0,0,-34.0,11.5,18,100,1378.415
1378697,141,0,0,0,-36.0,12.0,18,100,1378.697
1378985,142,0,0,0,-37.0,11.5,18,100,1378.985
1379319,143,0,0,0,-36.0,11.5,18,100,1379.319
1379607,144,0,0,0,-41.0,11.5,18,100,1379.607
1379895,145,0,0,0,-38.0,11.25,18,100,1379.895
1380209,146,0,0,0,-37.0,12.25,18,100,1380.209
1380497,147,0,0,0,-42.0,11.75,18,100,1380.497
1380785,148,0,0,0,-44.0,11.0,18,100,1380.785
1381073,149,0,0,0,-52.0,11.0,18,100,1381.073
1381361,150,0,0,0,-49.0,11.25,18,100,1381.361
1381648,151,0,0,0,-44.0,11.5,18,100,1381.648
1381936,152,0,0,0,-45.0,12.25,18,100,1381.936
1382224,153,0,0,0,-42.0,12.0,18,100,1382.224
1382512,154,0,0,0,-39.0,11.5,18,100,1382.512
1382800,155,0,0,0,-39.0,11.75,18,100,1382.8
1383138,156,0,0,0,-35.0,11.5,18,100,1383.138
1383420,157,0,0,0,-35.0,11.0,18,100,1383.42
1383708,158,0,0,0,-37.0,12.75,18,100,1383.708
1383996,159,0,0,0,-34.0,10.75,18,100,1383.996
1384283,160,0,0,0,-31.0,12.0,18,100,1384.283
1384571,161,0,0,0,-34.0,12.25,18,100,1384.571
1384859,162,0,0,0,-43.0,11.5,18,100,1384.859
1385147,163,0,0,0,-39.0,11.5,18,100,1385.147
1385435,164,0,0,0,-42.0,12.25,18,100,1385.435
1385722,165,0,0,0,-40.0,11.25,18,100,1385.722
1386010,166,0,0,0,-40.0,11.75,18,100,1386.01
1386298,167,0,0,0,-42.0,12.0,18,100,1386.298
1386586,168,0,0,0,-44.0,10.75,18,100,1386.586
1386874,169,0,0,0,-49.0,11.75,18,100,1386.874
1387162,170,0,0,0,-48.0,11.5,18,100,1387.162
1387449,171,0,0,0,-38.0,12.0,18,100,1387.449
1387835,172,0,0,0,-41.0,12.0,18,100,1387.835
1388117,173,0,0,0,-41.0,10.75,18,100,1388.117
1388405,174,0,0,0,-43.0,11.5,18,100,1388.405
1388693,175,0,0,0,-46.0,11.0,18,100,1388.693
1388981,176,0,0,0,-47.0,10.75,18,100,1388.981
1389268,177,0,0,0,-41.0,12.5,18,100,1389.268
1389556,178,0,0,0,-52.0,11.0,18,100,1389.556
1389844,179,0,0,0,-43.0,11.0,18,100,1389.844
1390132,180,0,0,0,-47.0,11.5,18,100,1390.132
1390419,181,0,0,0,-51.0,10.75,18,100,1390.419
1390707,182,0,0,0,-37.0,11.75,18,100,1390.707
1390995,183,0,0,0,-47.0,11.5,18,100,1390.995
1391283,184,0,0,0,-44.0,10.75,18,100,1391.283
1391571,185,0,0,0,-42.0,11.75,18,100,1391.571
1391879,186,0,0,0,-54.0,10.5,18,100,1391.879
1392167,187,0,0,0,-52.0,11.25,18,100,1392.167
1392515,188,0,0,0,-48.0,10.75,18,100,1392.515
1392797,189,0,0,0,-47.0,11.5,18,100,1392.797
1393085,190,0,0,0,-41.0,11.25,18,100,1393.085
1393372,191,0,0,0,-44.0,12.25,18,100,1393.372
1393660,192,0,0,0,-52.0,10.0,18,100,1393.66
1393948,193,0,0,0,-40.0,11.5,18,100,1393.948
1394236,194,0,0,0,-50.0,11.0,18,100,1394.236
1394524,195,0,0,0,-45.0,10.5,18,100,1394.524
1394811,196,0,0,0,-53.0,11.75,18,100,1394.811
1395099,197,0,0,0,-47.0,11.25,18,100,1395.099
1395387,198,0,0,0,-47.0,11.5,18,100,1395.387
1395963,200,0,0,0,-45.0,11.5,18,100,1395.963
1396250,201,0,0,0,-37.0,11.5,18,100,1396.25
1396538,202,0,0,0,-39.0,11.5,18,100,1396.538
1396849,203,0,0,0,-43.0,11.75,18,93,1396.849
1397188,199,0,0,0,-46.0,11.0,18,93,1397.188
1397509,204,0,0,0,-43.0,10.75,18,93,1397.509
1397797,205,0,0,0,-46.0,11.25,18,93,1397.797
1398085,206,0,0,0,-39.0,12.25,18,93,1398.085
1398373,207,0,0,0,-34.0,11.0,18,93,1398.373
1398660,208,0,0,0,-36.0,11.0,18,93,1398.66
1398969,209,0,0,0,-35.0,11.0,18,93,1398.969
1399257,210,0,0,0,-37.0,11.75,18,93,1399.257
1399545,211,0,0,0,-42.0,11.5,18,93,1399.545
1399833,212,0,0,0,-39.0,12.75,18,93,1399.833
1400121,213,0,0,0,-38.0,10.75,18,93,1400.121
1400408,214,0,0,0,-34.0,11.75,18,93,1400.408
1400696,215,0,0,0,-35.0,11.25,18,93,1400.696
1400984,216,0,0,0,-33.0,10.75,18,93,1400.984
1401299,217,0,0,0,-36.0,11.0,18,93,1401.299
1401587,218,0,0,0,-34.0,11.0,18,100,1401.587
1401926,219,0,0,0,-36.0,11.0,18,100,1401.926
1402208,220,0,0,0,-38.0,11.25,18,100,1402.208
1402495,221,0,0,0,-42.0,11.25,18,100,1402.495
1402783,222,0,0,0,-36.0,11.5,18,100,1402.783
1403071,223,0,0,0,-41.0,10.75,18,100,1403.071
1403359,224,0,0,0,-46.0,11.5,18,100,1403.359
1403646,225,0,0,0,-39.0,10.75,18,100,1403.646
1403934,226,0,0,0,-45.0,10.75,18,100,1403.934
1404269,227,0,0,0,-46.0,11.25,18,100,1404.269
1404557,228,0,0,0,-41.0,11.0,18,100,1404.557
1404869,229,0,0,0,-38.0,10.75,18,100,1404.869
1405157,230,0,0,0,-40.0,11.0,18,100,1405.157
1405445,231,0,0,0,-42.0,11.5,18,100,1405.445
1405759,232,0,0,0,-44.0,11.25,18,100,1405.759
1406047,233,0,0,0,-39.0,10.75,18,100,1406.047
1406335,234,0,0,0,-41.0,11.25,18,100,1406.335
1406674,235,0,0,0,-47.0,10.75,18,100,1406.674
1406955,236,0,0,0,-41.0,11.5,18,100,1406.955
1407243,237,0,0,0,-47.0,11.25,18,100,1407.243
1407819,239,0,0,0,-47.0,11.25,18,100,1407.819
1408107,240,0,0,0,-44.0,11.5,18,100,1408.107
1408419,241,0,0,0,-51.0,11.5,18,100,1408.419
1408707,242,0,0,0,-38.0,11.0,18,100,1408.707
1409019,243,0,0,0,-41.0,11.5,18,100,1409.019
1409307,244,0,0,0,-47.0,11.75,18,100,1409.307
1409595,245,0,0,0,-45.0,12.0,18,100,1409.595
1409909,246,0,0,0,-44.0,11.5,18,100,1409.909
1410197,247,0,0,0,-40.0,11.25,18,100,1410.197
1410485,248,0,0,0,-45.0,11.5,18,100,1410.485
1410773,249,0,0,0,-46.0,11.0,18,100,1410.773
1411061,250,0,0,0,-43.0,11.25,18,93,1411.061
1411399,238,0,0,0,-39.0,11.0,18,93,1411.399
1411681,251,0,0,0,-49.0,11.0,18,93,1411.681
1411969,252,0,0,0,-40.0,11.25,18,93,1411.969
1412257,253,0,0,0,-44.0,11.0,18,93,1412.257
1412544,254,0,0,0,-38.0,12.0,18,93,1412.544
1412832,255,0,0,0,-52.0,10.75,18,93,1412.832
1413139,256,0,0,0,-43.0,11.75,18,93,1413.139
1413427,257,0,0,0,-56.0,10.0,18,93,1413.427
1413715,258,0,0,0,-42.0,11.25,18,93,1413.715
1414003,259,0,0,0,-43.0,11.0,18,93,1414.003
1414291,260,0,0,0,-43.0,11.5,18,93,1414.291
1414866,262,0,0,0,-42.0,12.0,18,93,1414.866
1415154,263,0,0,0,-50.0,11.0,18,93,1415.154
1415442,264,0,0,0,-45.0,10.75,18,93,1415.442
1415730,265,0,0,0,-47.0,10.25,18,93,1415.73
1416068,261,0,0,0,-41.0,11.25,18,93,1416.068
1416350,266,0,0,0,-38.0,10.75,18,93,1416.35
1416638,267,0,0,0,-39.0,11.5,18,93,1416.638
1416926,268,0,0,0,-44.0,10.75,18,93,1416.926
1417214,269,0,0,0,-47.0,11.25,18,93,1417.214
1417501,270,0,0,0,-42.0,11.25,18,93,1417.501
1417789,271,0,0,0,-39.0,13.25,18,93,1417.789
1418077,272,0,0,0,-40.0,11.0,18,93,1418.077
1418365,273,0,0,0,-36.0,11.5,18,93,1418.365
1418653,274,0,0,0,-39.0,11.0,18,93,1418.653
1418940,275,0,0,0,-42.0,11.5,18,93,1418.94
1419228,276,0,0,0,-48.0,11.0,18,93,1419.228
1419516,277,0,0,0,-40.0,10.5,18,93,1419.516
1419804,278,0,0,0,-34.0,11.25,18,93,1419.804
1420092,279,0,0,0,-36.0,10.5,18,93,1420.092
1420379,280,0,0,0,-44.0,11.5,18,100,1420.379
1420718,281,0,0,0,-39.0,13.0,18,100,1420.718
1421001,282,0,0,0,-39.0,11.25,18,100,1421.001
1421289,283,0,0,0,-43.0,11.75,18,100,1421.289
1421577,284,0,0,0,-36.0,10.5,18,100,1421.577
1421864,285,0,0,0,-38.0,11.0,18,100,1421.864
1422152,286,0,0,0,-37.0,11.0,18,100,1422.152
1422440,287,0,0,0,-36.0,11.75,18,100,1422.44
1422728,288,0,0,0,-38.0,12.25,18,100,1422.728
1423016,289,0,0,0,-39.0,11.5,18,100,1423.016
1423303,290,0,0,0,-42.0,11.75,18,100,1423.303
1423591,291,0,0,0,-41.0,11.25,18,100,1423.591
1423879,292,0,0,0,-38.0,11.5,18,100,1423.879
1424167,293,0,0,0,-40.0,11.25,18,100,1424.167
1424455,294,0,0,0,-53.0,10.5,18,100,1424.455
1424742,295,0,0,0,-47.0,11.75,18,100,1424.742
1425030,296,0,0,0,-43.0,11.5,18,100,1425.03
1425369,297,0,0,0,-57.0,8.75,18,100,1425.369
1425651,298,0,0,0,-49.0,12.0,18,100,1425.651
1425939,299,0,0,0,-45.0,11.25,18,100,1425.939
1426227,300,0,0,0,-45.0,11.75,18,100,1426.227
1426539,301,0,0,0,-41.0,11.5,18,100,1426.539
1426827,302,0,0,0,-44.0,12.0,18,100,1426.827
1427115,303,0,0,0,-41.0,11.75,18,100,1427.115
1427403,304,0,0,0,-39.0,11.0,18,100,1427.403
1427690,305,0,0,0,-40.0,11.5,18,100,1427.69
1427978,306,0,0,0,-45.0,12.25,18,100,1427.978
1428266,307,0,0,0,-40.0,10.5,18,100,1428.266
1428554,308,0,0,0,-39.0,11.25,18,100,1428.554
1428842,309,0,0,0,-39.0,11.75,18,100,1428.842
1429130,310,0,0,0,-36.0,12.0,18,100,1429.13
1429417,311,0,0,0,-45.0,11.5,18,100,1429.417
1429705,312,0,0,0,-36.0,12.75,18,100,1429.705
1430044,313,0,0,0,-57.0,10.0,18,100,1430.044
1430326,314,0,0,0,-44.0,11.25,18,100,1430.326
1430659,315,0,0,0,-48.0,11.25,18,100,1430.659
1430947,316,0,0,0,-42.0,11.75,18,100,1430.947
1431235,317,0,0,0,-44.0,11.25,18,100,1431.235
1431523,318,0,0,0,-43.0,11.75,18,100,1431.523
1431810,319,0,0,0,-40.0,11.75,18,100,1431.81
1432098,320,0,0,0,-44.0,11.0,18,100,1432.098
1432674,322,0,0,0,-45.0,10.5,18,100,1432.674
1432962,323,0,0,0,-42.0,10.75,18,100,1432.962
1433250,324,0,0,0,-45.0,11.0,18,100,1433.25
1433537,325,0,0,0,-44.0,12.0,18,100,1433.537
1433825,326,0,0,0,-44.0,11.25,18,100,1433.825
1434113,327,0,0,0,-45.0,11.5,18,100,1434.113
1434401,328,0,0,0,-40.0,11.5,18,93,1434.401
1434740,321,0,0,0,-45.0,11.0,18,93,1434.74
1435021,329,0,0,0,-43.0,10.5,18,93,1435.021
1435597,331,0,0,0,-41.0,11.0,18,93,1435.597
1435885,332,0,0,0,-40.0,12.0,18,93,1435.885
1436172,333,0,0,0,-42.0,11.25,18,93,1436.172
1436460,334,0,0,0,-52.0,11.25,18,93,1436.46
1436748,335,0,0,0,-46.0,10.75,18,93,1436.748
1437036,336,0,0,0,-47.0,11.25,18,93,1437.036
1437637,338,0,0,0,-40.0,11.25,18,93,1437.637
1437925,339,0,0,0,-41.0,11.25,18,93,1437.925
1438213,340,0,0,0,-40.0,11.25,18,93,1438.213
1438500,341,0,0,0,-61.0,7.75,18,93,1438.5
1438788,342,0,0,0,-53.0,11.25,18,93,1438.788
1439076,343,0,0,0,-41.0,11.5,18,87,1439.076
1439415,330,0,0,0,-35.0,11.0,18,87,1439.415
1439697,337,0,0,0,-39.0,11.25,18,87,1439.697
1439984,344,0,0,0,-40.0,11.5,18,87,1439.984
1440272,345,0,0,0,-40.0,11.5,18,87,1440.272
1440560,346,0,0,0,-37.0,11.5,18,87,1440.56
1440848,347,0,0,0,-38.0,11.75,18,87,1440.848
1441136,348,0,0,0,-41.0,11.5,18,87,1441.136
1441423,349,0,0,0,-46.0,11.0,18,87,1441.423
1441711,350,0,0,0,-37.0,12.0,18,87,1441.711
1442019,351,0,0,0,-39.0,11.5,18,87,1442.019
1442307,352,0,0,0,-34.0,11.0,18,87,1442.307
1442595,353,0,0,0,-33.0,11.0,18,87,1442.595
1442883,354,0,0,0,-36.0,11.5,18,87,1442.883
1443171,355,0,0,0,-39.0,10.75,18,87,1443.171
1443458,356,0,0,0,-36.0,11.0,18,87,1443.458
1443769,357,0,0,0,-34.0,11.25,18,100,1443.769
1444108,358,0,0,0,-33.0,11.25,18,100,1444.108
1444390,359,0,0,0,-31.0,11.0,18,100,1444.39
1444678,360,0,0,0,-30.0,11.0,18,100,1444.678
1444965,361,0,0,0,-30.0,11.25,18,100,1444.965
1445253,362,0,0,0,-35.0,11.25,18,100,1445.253
1445541,363,0,0,0,-35.0,11.75,18,100,1445.541
1445829,364,0,0,0,-35.0,12.0,18,100,1445.829
1446117,365,0,0,0,-35.0,11.0,18,100,1446.117
1446404,366,0,0,0,-38.0,11.0,18,100,1446.404
1446692,367,0,0,0,-36.0,12.0,18,100,1446.692
1446980,368,0,0,0,-40.0,11.5,18,100,1446.98
1447268,369,0,0,0,-36.0,11.75,18,100,1447.268
1447556,370,0,0,0,-37.0,11.75,18,100,1447.556
1447843,371,0,0,0,-36.0,11.75,18,100,1447.843
1448131,372,0,0,0,-35.0,11.75,18,100,1448.131
1448419,373,0,0,0,-34.0,11.25,18,100,1448.419
1448758,374,0,0,0,-35.0,11.5,18,100,1448.758
1449059,375,0,0,0,-42.0,11.25,18,100,1449.059
1449347,376,0,0,0,-41.0,10.5,18,100,1449.347
1449635,377,0,0,0,-40.0,12.0,18,100,1449.635
1449969,378,0,0,0,-42.0,11.75,18,100,1449.969
1450257,379,0,0,0,-37.0,11.25,18,100,1450.257
1450545,380,0,0,0,-46.0,10.75,18,100,1450.545
1450859,381,0,0,0,-45.0,11.5,18,100,1450.859
1451147,382,0,0,0,-57.0,11.0,18,100,1451.147
1451435,383,0,0,0,-38.0,11.75,18,100,1451.435
1451723,384,0,0,0,-45.0,11.0,18,100,1451.723
1452011,385,0,0,0,-45.0,11.0,18,100,1452.011
1452319,386,0,0,0,-47.0,11.0,18,100,1452.319
1452607,387,0,0,0,-48.0,11.25,18,100,1452.607
1452895,388,0,0,0,-45.0,10.75,18,100,1452.895
1453183,389,0,0,0,-42.0,11.5,18,100,1453.183
1453545,390,0,0,0,-48.0,11.25,18,100,1453.545
1453827,391,0,0,0,-47.0,11.0,18,100,1453.827
1466841,0,0,0,0,-40.0,11.25,18,100,1466.841
1467166,1,0,0,0,-43.0,11.75,18,100,1467.166
1467448,2,0,0,0,-40.0,11.5,18,100,1467.448
1467735,3,0,0,0,-42.0,11.5,18,100,1467.735
1468023,4,0,0,0,-47.0,11.5,18,100,1468.023
1468311,5,0,0,0,-41.0,11.0,18,100,1468.311
1468599,6,0,0,0,-40.0,12.0,18,100,1468.599
1468937,7,0,0,0,-40.0,11.0,18,100,1468.937
1469219,8,0,0,0,-50.0,11.0,18,100,1469.219
1469507,9,0,0,0,-49.0,11.0,18,100,1469.507
1469818,10,0,0,0,-43.0,11.25,18,100,1469.818
1470106,11,0,0,0,-50.0,9.25,18,100,1470.106
1470682,13,0,0,0,-41.0,12.0,18,100,1470.682
1470970,14,0,0,0,-53.0,11.5,18,87,1470.97
1471308,12,0,0,0,-52.0,10.25,18,87,1471.308
1471590,15,0,0,0,-42.0,11.75,18,87,1471.59
1471878,16,0,0,0,-42.0,11.5,18,87,1471.878
1472166,17,0,0,0,-41.0,11.5,18,87,1472.166
1472478,18,0,0,0,-42.0,11.75,18,87,1472.478
1472766,19,0,0,0,-44.0,11.0,18,100,1472.766
1473125,20,0,0,0,-42.0,11.25,18,100,1473.125
1473406,21,0,0,0,-45.0,12.25,18,100,1473.406
1473694,22,0,0,0,-42.0,12.25,18,100,1473.694
1474008,23,0,0,0,-39.0,11.75,18,100,1474.008
1474296,24,0,0,0,-39.0,11.75,18,100,1474.296
1474584,25,0,0,0,-41.0,11.25,18,100,1474.584
1474872,26,0,0,0,-38.0,11.25,18,100,1474.872
1475160,27,0,0,0,-38.0,11.25,18,100,1475.16
1475447,28,0,0,0,-37.0,11.75,18,100,1475.447
1475735,29,0,0,0,-35.0,11.5,18,100,1475.735
1476023,30,0,0,0,-39.0,11.25,18,100,1476.023
1476311,31,0,0,0,-38.0,11.5,18,100,1476.311
1476599,32,0,0,0,-40.0,12.0,18,100,1476.599
1476887,33,0,0,0,-41.0,11.5,18,100,1476.887
1477225,34,0,0,0,-44.0,10.5,18,100,1477.225
1477507,35,0,0,0,-43.0,11.0,18,100,1477.507
1477795,36,0,0,0,-46.0,10.75,18,100,1477.795
1478083,37,0,0,0,-48.0,11.5,18,100,1478.083
1478370,38,0,0,0,-48.0,10.75,18,100,1478.37
1478658,39,0,0,0,-48.0,11.25,18,100,1478.658
1478946,40,0,0,0,-46.0,11.75,18,100,1478.946
1479234,41,0,0,0,-42.0,11.0,18,100,1479.234
1479522,42,0,0,0,-51.0,9.75,18,100,1479.522
1479809,43,0,0,0,-60.0,10.25,18,100,1479.809
1480097,44,0,0,0,-50.0,11.25,18,100,1480.097
1480385,45,0,0,0,-43.0,10.75,18,100,1480.385
1480673,46,0,0,0,-45.0,11.5,18,100,1480.673
1480961,47,0,0,0,-42.0,11.25,18,100,1480.961
1481248,48,0,0,0,-40.0,11.25,18,100,1481.248
1481536,49,0,0,0,-42.0,11.25,18,100,1481.536
1481895,50,0,0,0,-41.0,11.5,18,100,1481.895
1482176,51,0,0,0,-46.0,11.75,18,100,1482.176
1482464,52,0,0,0,-44.0,11.25,18,100,1482.464
1483328,55,0,0,0,-43.0,11.0,18,100,1483.328
1483639,56,0,0,0,-47.0,11.5,18,100,1483.639
1483926,57,0,0,0,-46.0,11.0,18,100,1483.926
1484214,58,0,0,0,-44.0,10.75,18,100,1484.214
1484502,59,0,0,0,-50.0,12.0,18,100,1484.502
1484790,60,0,0,0,-46.0,11.75,18,100,1484.79
1485365,62,0,0,0,-50.0,11.25,18,100,1485.365
1485653,63,0,0,0,-57.0,8.25,18,100,1485.653
1485969,64,0,0,0,-52.0,10.75,18,100,1485.969
1486256,65,0,0,0,-49.0,12.0,18,81,1486.256
1486595,53,0,0,0,-44.0,10.75,18,81,1486.595
1486877,54,0,0,0,-46.0,11.5,18,81,1486.877
1487164,61,0,0,0,-44.0,11.5,18,81,1487.164
1487479,66,0,0,0,-43.0,11.5,18,81,1487.479
1488342,69,0,0,0,-57.0,10.5,18,81,1488.342
1488649,70,0,0,0,-48.0,10.75,18,81,1488.649
1488936,71,0,0,0,-46.0,10.25,18,81,1488.936
1489224,72,0,0,0,-44.0,11.0,18,81,1489.224
1489539,73,0,0,0,-50.0,11.0,18,81,1489.539
1489826,74,0,0,0,-35.0,11.0,18,81,1489.826
1490114,75,0,0,0,-42.0,11.0,18,81,1490.114
1490402,76,0,0,0,-39.0,11.0,18,81,1490.402
1490690,77,0,0,0,-50.0,11.0,18,81,1490.69
1490978,78,0,0,0,-42.0,11.75,18,87,1490.978
1491316,67,0,0,0,-38.0,11.75,18,87,1491.316
1491598,68,0,0,0,-39.0,11.5,18,87,1491.598
1491886,79,0,0,0,-38.0,12.0,18,87,1491.886
1492199,80,0,0,0,-43.0,11.5,18,87,1492.199
1492486,81,0,0,0,-40.0,11.75,18,87,1492.486
1492799,82,0,0,0,-48.0,11.5,18,87,1492.799
1493086,83,0,0,0,-35.0,11.25,18,87,1493.086
1493374,84,0,0,0,-37.0,11.0,18,87,1493.374
1493662,85,0,0,0,-37.0,11.75,18,87,1493.662
1493950,86,0,0,0,-38.0,11.5,18,87,1493.95
1494238,87,0,0,0,-39.0,11.25,18,87,1494.238
1494525,88,0,0,0,-37.0,11.0,18,87,1494.525
1494813,89,0,0,0,-37.0,11.5,18,87,1494.813
1495101,90,0,0,0,-36.0,11.75,18,87,1495.101
1495409,91,0,0,0,-37.0,11.5,18,87,1495.409
1495696,92,0,0,0,-37.0,11.25,18,100,1495.696
1496055,93,0,0,0,-37.0,11.75,18,100,1496.055
1496336,94,0,0,0,-40.0,11.75,18,100,1496.336
1496624,95,0,0,0,-42.0,11.0,18,100,1496.624
1496912,96,0,0,0,-40.0,11.75,18,100,1496.912
1497200,97,0,0,0,-38.0,11.0,18,100,1497.2
1497488,98,0,0,0,-40.0,11.25,18,100,1497.488
1497775,99,0,0,0,-43.0,11.0,18,100,1497.775
1498351,101,0,0,0,-42.0,11.5,18,100,1498.351
1498639,102,0,0,0,-46.0,10.75,18,100,1498.639
1498927,103,0,0,0,-39.0,11.25,18,100,1498.927
1499214,104,0,0,0,-41.0,11.0,18,100,1499.214
1499502,105,0,0,0,-42.0,11.0,18,100,1499.502
1499790,106,0,0,0,-42.0,11.25,18,100,1499.79
1500119,107,0,0,0,-38.0,11.25,18,100,1500.119
1500406,108,0,0,0,-43.0,11.75,18,93,1500.406
1500745,100,0,0,0,-38.0,10.5,18,93,1500.745
1501027,109,0,0,0,-38.0,12.0,18,93,1501.027
1501315,110,0,0,0,-36.0,11.25,18,93,1501.315
1501602,111,0,0,0,-39.0,11.25,18,93,1501.602
1501890,112,0,0,0,-39.0,12.25,18,93,1501.89
1502199,113,0,0,0,-39.0,10.75,18,93,1502.199
1502486,114,0,0,0,-40.0,11.5,18,93,1502.486
1502774,115,0,0,0,-36.0,11.0,18,93,1502.774
1503062,116,0,0,0,-37.0,11.5,18,93,1503.062
1503350,117,0,0,0,-36.0,11.5,18,93,1503.35
1503638,118,0,0,0,-35.0,10.75,18,93,1503.638
1503925,119,0,0,0,-35.0,11.75,18,93,1503.925
1504213,120,0,0,0,-38.0,11.0,18,93,1504.213
1504501,121,0,0,0,-36.0,11.5,18,93,1504.501
1504789,122,0,0,0,-38.0,11.25,18,93,1504.789
1505099,123,0,0,0,-37.0,11.25,18,100,1505.099
1505437,124,0,0,0,-45.0,11.5,18,100,1505.437
1505719,125,0,0,0,-37.0,10.75,18,100,1505.719
1506007,126,0,0,0,-35.0,11.25,18,100,1506.007
1506319,127,0,0,0,-35.0,11.5,18,100,1506.319
1506606,128,0,0,0,-34.0,11.25,18,100,1506.606
1506894,129,0,0,0,-36.0,12.0,18,100,1506.894
1507182,130,0,0,0,-38.0,10.25,18,100,1507.182
1507470,131,0,0,0,-46.0,11.75,18,100,1507.47
1507758,132,0,0,0,-38.0,11.5,18,100,1507.758
1508045,133,0,0,0,-37.0,11.25,18,100,1508.045
1508333,134,0,0,0,-38.0,11.75,18,100,1508.333
1508621,135,0,0,0,-46.0,10.5,18,100,1508.621
1508929,136,0,0,0,-40.0,11.75,18,100,1508.929
1509216,137,0,0,0,-38.0,12.0,18,100,1509.216
1509504,138,0,0,0,-39.0,11.25,18,100,1509.504
1509792,139,0,0,0,-38.0,11.25,18,100,1509.792
1510131,140,0,0,0,-37.0,11.25,18,100,1510.131
1510412,141,0,0,0,-39.0,11.75,18,100,1510.412
1510700,142,0,0,0,-38.0,11.25,18,100,1510.7
1510988,143,0,0,0,-34.0,11.5,18,100,1510.988
1511276,144,0,0,0,-38.0,11.75,18,100,1511.276
1511564,145,0,0,0,-40.0,11.5,18,100,1511.564
1511851,146,0,0,0,-44.0,11.25,18,100,1511.851
1512139,147,0,0,0,-47.0,10.5,18,100,1512.139
1512427,148,0,0,0,-39.0,11.5,18,100,1512.427
1512715,149,0,0,0,-44.0,11.25,18,100,1512.715
1513003,150,0,0,0,-50.0,11.5,18,100,1513.003
1513291,151,0,0,0,-43.0,11.0,18,100,1513.291
1513578,152,0,0,0,-45.0,11.75,18,100,1513.578
1513866,153,0,0,0,-52.0,11.5,18,100,1513.866
1514154,154,0,0,0,-55.0,9.75,18,100,1514.154
1514442,155,0,0,0,-51.0,12.0,18,100,1514.442
1514781,156,0,0,0,-46.0,11.25,18,100,1514.781
1515062,157,0,0,0,-41.0,11.25,18,100,1515.062
1515350,158,0,0,0,-40.0,10.75,18,100,1515.35
1515638,159,0,0,0,-44.0,10.5,18,100,1515.638
1515926,160,0,0,0,-40.0,10.75,18,100,1515.926
1516213,161,0,0,0,-39.0,10.75,18,100,1516.213
1516501,162,0,0,0,-43.0,11.5,18,100,1516.501
1516789,163,0,0,0,-48.0,10.75,18,100,1516.789
1517077,164,0,0,0,-44.0,11.5,18,100,1517.077
1517365,165,0,0,0,-51.0,9.75,18,100,1517.365
1517652,166,0,0,0,-44.0,11.25,18,100,1517.652
1517940,167,0,0,0,-45.0,11.25,18,100,1517.94
1518228,168,0,0,0,-38.0,11.5,18,100,1518.228
1518516,169,0,0,0,-45.0,11.25,18,100,1518.516
1518804,170,0,0,0,-48.0,11.75,18,100,1518.804
1519092,171,0,0,0,-42.0,11.75,18,100,1519.092
1519430,172,0,0,0,-44.0,11.75,18,100,1519.43
1519712,173,0,0,0,-44.0,11.0,18,100,1519.712
1520000,174,0,0,0,-43.0,11.75,18,100,1520.0
1520288,175,0,0,0,-48.0,11.75,18,100,1520.288
1520575,176,0,0,0,-51.0,11.25,18,100,1520.575
1520863,177,0,0,0,-46.0,12.25,18,100,1520.863
1521151,178,0,0,0,-42.0,11.25,18,100,1521.151
1521439,179,0,0,0,-50.0,12.0,18,100,1521.439
1522014,181,0,0,0,-41.0,11.5,18,100,1522.014
1522302,182,0,0,0,-49.0,12.0,18,100,1522.302
1522590,183,0,0,0,-55.0,10.0,18,100,1522.59
1522878,184,0,0,0,-50.0,10.25,18,100,1522.878
1523166,185,0,0,0,-46.0,11.0,18,100,1523.166
1523453,186,0,0,0,-55.0,10.25,18,100,1523.453
1523741,187,0,0,0,-52.0,11.5,18,93,1523.741
1524080,180,0,0,0,-52.0,12.0,18,93,1524.08
1524362,188,0,0,0,-47.0,11.25,18,93,1524.362
1524649,189,0,0,0,-52.0,11.25,18,93,1524.649
1524937,190,0,0,0,-55.0,12.0,18,93,1524.937
1525513,192,0,0,0,-50.0,11.25,18,93,1525.513
1525801,193,0,0,0,-56.0,12.25,18,93,1525.801
1526088,194,0,0,0,-53.0,11.75,18,93,1526.088
1526376,195,0,0,0,-54.0,11.5,18,93,1526.376
1526664,196,0,0,0,-59.0,12.5,18,93,1526.664
1526952,197,0,0,0,-49.0,12.0,18,93,1526.952
1527528,199,0,0,0,-66.0,5.5,18,93,1527.528
1527859,200,0,0,0,-50.0,10.75,18,93,1527.859
1528434,202,0,0,0,-51.0,12.0,18,81,1528.434
1528773,191,0,0,0,-48.0,10.5,18,81,1528.773
1529055,198,0,0,0,-51.0,10.0,18,81,1529.055
1529342,201,0,0,0,-48.0,11.5,18,81,1529.342
1529630,203,0,0,0,-47.0,11.25,18,81,1529.63
1530514,206,0,0,0,-64.0,5.5,18,81,1530.514
1530802,207,0,0,0,-47.0,10.5,18,81,1530.802
1531378,209,0,0,0,-49.0,12.0,18,81,1531.378
1531666,210,0,0,0,-60.0,10.25,18,81,1531.666
1531953,211,0,0,0,-54.0,8.75,18,81,1531.953
1532529,213,0,0,0,-44.0,11.0,18,81,1532.529
1532817,214,0,0,0,-44.0,11.0,18,81,1532.817
1533105,215,0,0,0,-44.0,11.5,18,75,1533.105
1533731,205,0,0,0,-46.0,12.0,18,75,1533.731
1534013,208,0,0,0,-38.0,10.75,18,75,1534.013
1534300,212,0,0,0,-48.0,11.75,18,75,1534.3
1534588,216,0,0,0,-46.0,11.5,18,75,1534.588
1534876,217,0,0,0,-44.0,11.0,18,75,1534.876
1535189,218,0,0,0,-47.0,11.25,18,75,1535.189
1535476,219,0,0,0,-49.0,11.25,18,75,1535.476
1535789,220,0,0,0,-48.0,12.0,18,75,1535.789
1536076,221,0,0,0,-46.0,11.25,18,75,1536.076
1536364,222,0,0,0,-41.0,11.75,18,75,1536.364
1536652,223,0,0,0,-44.0,11.25,18,75,1536.652
1536940,224,0,0,0,-45.0,10.75,18,75,1536.94
1537228,225,0,0,0,-41.0,11.75,18,75,1537.228
1537516,226,0,0,0,-46.0,11.75,18,75,1537.516
1537804,227,0,0,0,-35.0,12.0,18,93,1537.804
1538142,204,0,0,0,-40.0,11.5,18,93,1538.142
1538424,228,0,0,0,-53.0,11.25,18,93,1538.424
1538712,229,0,0,0,-45.0,12.0,18,93,1538.712
1539019,230,0,0,0,-40.0,11.5,18,93,1539.019
1539306,231,0,0,0,-46.0,11.25,18,93,1539.306
1539594,232,0,0,0,-44.0,11.5,18,93,1539.594
1539882,233,0,0,0,-47.0,11.75,18,93,1539.882
1540170,234,0,0,0,-40.0,11.5,18,93,1540.17
1540458,235,0,0,0,-38.0,11.0,18,93,1540.458
1540745,236,0,0,0,-40.0,11.25,18,93,1540.745
1541033,237,0,0,0,-41.0,10.25,18,93,1541.033
1541321,238,0,0,0,-46.0,11.5,18,93,1541.321
1541609,239,0,0,0,-40.0,10.75,18,93,1541.609
1541897,240,0,0,0,-39.0,10.75,18,93,1541.897
1542184,241,0,0,0,-36.0,11.0,18,93,1542.184
1542472,242,0,0,0,-40.0,11.25,18,100,1542.472
1542811,243,0,0,0,-45.0,11.0,18,100,1542.811
1543093,244,0,0,0,-47.0,11.5,18,100,1543.093
1543381,245,0,0,0,-43.0,11.0,18,100,1543.381
1543668,246,0,0,0,-38.0,11.0,18,100,1543.668
1543956,247,0,0,0,-38.0,13.25,18,100,1543.956
1544244,248,0,0,0,-37.0,12.0,18,100,1544.244
1544532,249,0,0,0,-35.0,11.0,18,100,1544.532
1544820,250,0,0,0,-35.0,11.5,18,100,1544.82
1545107,251,0,0,0,-35.0,10.75,18,100,1545.107
1545395,252,0,0,0,-39.0,11.5,18,100,1545.395
1545683,253,0,0,0,-42.0,10.5,18,100,1545.683
1545971,254,0,0,0,-41.0,12.0,18,100,1545.971
1546259,255,0,0,0,-40.0,11.0,18,100,1546.259
1546546,256,0,0,0,-42.0,11.5,18,100,1546.546
1546834,257,0,0,0,-45.0,11.75,18,100,1546.834
1547149,258,0,0,0,-45.0,11.5,18,100,1547.149
1547487,259,0,0,0,-41.0,11.25,18,100,1547.487
1547769,260,0,0,0,-47.0,11.0,18,100,1547.769
1548057,261,0,0,0,-40.0,11.5,18,100,1548.057
1548345,262,0,0,0,-47.0,10.5,18,100,1548.345
1548632,263,0,0,0,-52.0,10.75,18,100,1548.632
1548920,264,0,0,0,-39.0,11.5,18,100,1548.92
1549208,265,0,0,0,-40.0,10.5,18,100,1549.208
1549496,266,0,0,0,-41.0,11.25,18,100,1549.496
1549784,267,0,0,0,-50.0,11.0,18,100,1549.784
1550071,268,0,0,0,-40.0,10.75,18,100,1550.071
1550359,269,0,0,0,-43.0,11.25,18,100,1550.359
1550647,270,0,0,0,-40.0,11.0,18,100,1550.647
1550935,271,0,0,0,-52.0,10.5,18,100,1550.935
1551223,272,0,0,0,-52.0,10.75,18,100,1551.223
1551539,273,0,0,0,-42.0,11.0,18,100,1551.539
1551826,274,0,0,0,-49.0,10.5,18,100,1551.826
1552165,275,0,0,0,-50.0,11.25,18,100,1552.165
1552447,276,0,0,0,-60.0,9.5,18,100,1552.447
1552779,277,0,0,0,-46.0,11.0,18,100,1552.779
1553067,278,0,0,0,-44.0,11.25,18,100,1553.067
1553354,279,0,0,0,-54.0,11.25,18,100,1553.354
1553642,280,0,0,0,-37.0,11.25,18,100,1553.642
1553930,281,0,0,0,-41.0,11.75,18,100,1553.93
1554218,282,0,0,0,-41.0,11.0,18,100,1554.218
1554506,283,0,0,0,-42.0,12.0,18,100,1554.506
1554794,284,0,0,0,-48.0,11.5,18,100,1554.794
1555109,285,0,0,0,-39.0,11.5,18,100,1555.109
1555396,286,0,0,0,-40.0,11.25,18,100,1555.396
1555709,287,0,0,0,-41.0,11.5,18,100,1555.709
1555996,288,0,0,0,-43.0,11.75,18,100,1555.996
1556309,289,0,0,0,-54.0,10.75,18,100,1556.309
1557709,290,0,0,0,-46.0,11.75,18,100,1557.709
1558048,291,0,0,0,-42.0,10.75,18,100,1558.048
1558330,292,0,0,0,-42.0,11.25,18,100,1558.33
1558617,293,0,0,0,-49.0,11.5,18,100,1558.617
1558905,294,0,0,0,-47.0,11.25,18,100,1558.905
1559193,295,0,0,0,-39.0,11.0,18,100,1559.193
1559481,296,0,0,0,-48.0,11.25,18,100,1559.481
1559769,297,0,0,0,-44.0,11.0,18,100,1559.769
1560056,298,0,0,0,-42.0,10.75,18,100,1560.056
1560344,299,0,0,0,-47.0,11.0,18,100,1560.344
1560632,300,0,0,0,-49.0,11.0,18,100,1560.632
1560920,301,0,0,0,-47.0,11.0,18,100,1560.92
1561208,302,0,0,0,-41.0,10.25,18,100,1561.208
1561496,303,0,0,0,-44.0,11.0,18,100,1561.496
1561783,304,0,0,0,-44.0,11.25,18,100,1561.783
1562071,305,0,0,0,-47.0,11.0,18,100,1562.071
1562359,306,0,0,0,-46.0,11.5,18,100,1562.359
1562698,307,0,0,0,-43.0,11.0,18,100,1562.698
1562979,308,0,0,0,-51.0,11.75,18,100,1562.979
1563267,309,0,0,0,-44.0,11.0,18,100,1563.267
1563555,310,0,0,0,-44.0,11.5,18,100,1563.555
1563843,311,0,0,0,-49.0,11.5,18,100,1563.843
1564131,312,0,0,0,-47.0,11.5,18,100,1564.131
1564418,313,0,0,0,-40.0,11.25,18,100,1564.418
1564706,314,0,0,0,-46.0,11.5,18,100,1564.706
1564994,315,0,0,0,-48.0,11.25,18,100,1564.994
1565282,316,0,0,0,-47.0,11.0,18,100,1565.282
1565570,317,0,0,0,-37.0,11.25,18,100,1565.57
1565858,318,0,0,0,-45.0,11.25,18,100,1565.858
1566145,319,0,0,0,-39.0,11.0,18,100,1566.145
1566479,320,0,0,0,-46.0,10.5,18,100,1566.479
1566767,321,0,0,0,-49.0,11.5,18,100,1566.767
1567054,322,0,0,0,-40.0,11.75,18,100,1567.054
1567393,323,0,0,0,-49.0,11.5,18,100,1567.393
1567675,324,0,0,0,-43.0,11.75,18,100,1567.675
1567963,325,0,0,0,-57.0,11.0,18,100,1567.963
1568250,326,0,0,0,-42.0,11.25,18,100,1568.25
1568826,328,0,0,0,-47.0,11.25,18,100,1568.826
1569114,329,0,0,0,-59.0,9.0,18,100,1569.114
1569690,331,0,0,0,-51.0,11.5,18,100,1569.69
1569977,332,0,0,0,-45.0,11.5,18,100,1569.977
1570329,333,0,0,0,-48.0,11.0,18,100,1570.329
1570616,334,0,0,0,-63.0,11.5,18,100,1570.616
1570904,335,0,0,0,-47.0,11.0,18,100,1570.904
1571219,336,0,0,0,-58.0,8.5,18,100,1571.219
1571506,337,0,0,0,-53.0,10.25,18,100,1571.506
1571794,338,0,0,0,-58.0,10.75,18,87,1571.794
1572133,327,0,0,0,-50.0,12.0,18,87,1572.133
1572415,330,0,0,0,-51.0,11.75,18,87,1572.415
1572990,340,0,0,0,-49.0,11.0,18,87,1572.99
1573278,341,0,0,0,-53.0,10.75,18,87,1573.278
1573854,343,0,0,0,-53.0,10.25,18,87,1573.854
1574141,344,0,0,0,-63.0,11.0,18,87,1574.141
1574429,345,0,0,0,-61.0,6.5,18,87,1574.429
1574717,346,0,0,0,-72.0,6.5,18,87,1574.717
1575005,347,0,0,0,-62.0,9.5,18,87,1575.005
1575293,348,0,0,0,-51.0,12.0,18,87,1575.293
1575581,349,0,0,0,-62.0,9.0,18,87,1575.581
1575868,350,0,0,0,-59.0,11.0,18,87,1575.868
1576156,351,0,0,0,-54.0,11.0,18,87,1576.156
1576444,352,0,0,0,-61.0,10.75,18,87,1576.444
1576783,339,0,0,0,-58.0,3.75,18,87,1576.783
1577352,353,0,0,0,-64.0,10.0,18,87,1577.352
1577928,355,0,0,0,-61.0,10.0,18,87,1577.928
1578216,356,0,0,0,-68.0,10.75,18,87,1578.216
1578504,357,0,0,0,-54.0,11.25,18,87,1578.504
1578791,358,0,0,0,-56.0,10.5,18,87,1578.791
1579098,359,0,0,0,-55.0,9.5,18,87,1579.098
1579386,360,0,0,0,-51.0,11.25,18,87,1579.386
1579674,361,0,0,0,-59.0,10.75,18,87,1579.674
1579962,362,0,0,0,-62.0,10.0,18,87,1579.962
1580559,364,0,0,0,-58.0,12.75,18,87,1580.559
1580846,365,0,0,0,-60.0,10.0,18,87,1580.846
1581134,366,0,0,0,-59.0,11.0,18,81,1581.134
1581473,342,0,0,0,-58.0,10.5,18,81,1581.473
1582331,367,0,0,0,-53.0,11.75,18,81,1582.331
1582618,368,0,0,0,-53.0,11.25,18,81,1582.618
1582906,369,0,0,0,-55.0,10.75,18,81,1582.906
1583219,370,0,0,0,-57.0,11.5,18,81,1583.219
1584106,373,0,0,0,-54.0,11.25,18,81,1584.106
1584394,374,0,0,0,-57.0,11.0,18,81,1584.394
1584970,376,0,0,0,-52.0,11.5,18,81,1584.97
1585258,377,0,0,0,-62.0,11.75,18,81,1585.258
1585545,378,0,0,0,-54.0,11.0,18,81,1585.545
1585833,379,0,0,0,-69.0,5.75,18,68,1585.833
1586172,354,0,0,0,-58.0,11.75,18,68,1586.172
1586479,363,0,0,0,-67.0,8.75,18,68,1586.479
1586767,371,0,0,0,-58.0,11.25,18,68,1586.767
1587054,372,0,0,0,-56.0,10.25,18,68,1587.054
1587342,375,0,0,0,-61.0,10.5,18,68,1587.342
1588206,382,0,0,0,-55.0,11.75,18,68,1588.206
1588493,383,0,0,0,-56.0,11.0,18,68,1588.493
1588781,384,0,0,0,-58.0,11.0,18,68,1588.781
1589069,385,0,0,0,-76.0,2.75,18,68,1589.069
1589357,386,0,0,0,-64.0,10.25,18,68,1589.357
1589933,388,0,0,0,-59.0,12.25,18,68,1589.933
1590220,389,0,0,0,-58.0,11.0,18,68,1590.22
1590508,390,0,0,0,-64.0,11.25,18,81,1590.508
1590847,380,0,0,0,-52.0,11.5,18,81,1590.847
1591129,381,0,0,0,-54.0,11.75,18,81,1591.129
1591416,387,0,0,0,-69.0,9.25,18,81,1591.416
1591704,391,0,0,0,-54.0,9.0,18,81,1591.704
1591992,392,0,0,0,-58.0,12.5,18,81,1591.992
1592280,393,0,0,0,-57.0,10.75,18,81,1592.28
1592876,395,0,0,0,-64.0,9.0,18,81,1592.876
1593164,396,0,0,0,-74.0,7.75,18,81,1593.164
1593452,397,0,0,0,-64.0,10.75,18,81,1593.452
1593740,398,0,0,0,-57.0,10.0,18,81,1593.74
1594028,399,0,0,0,-62.0,10.5,18,81,1594.028
1594315,400,0,0,0,-52.0,8.0,18,81,1594.315
1594603,401,0,0,0,-52.0,11.5,18,81,1594.603
1594919,402,0,0,0,-53.0,11.0,18,81,1594.919
1595206,403,0,0,0,-62.0,9.5,18,93,1595.206
1595545,394,0,0,0,-61.0,10.0,18,93,1595.545
1595827,404,0,0,0,-53.0,11.5,18,93,1595.827
1596114,405,0,0,0,-49.0,11.5,18,93,1596.114
1596402,406,0,0,0,-59.0,10.25,18,93,1596.402
1596709,407,0,0,0,-56.0,11.5,18,93,1596.709
1596996,408,0,0,0,-66.0,0.5,18,93,1596.996
1597309,409,0,0,0,-61.0,11.0,18,93,1597.309
1597596,410,0,0,0,-56.0,11.0,18,93,1597.596
1597884,411,0,0,0,-58.0,11.5,18,93,1597.884
1598748,414,0,0,0,-60.0,10.5,18,93,1598.748
1599035,415,0,0,0,-56.0,10.5,18,93,1599.035
1599924,418,0,0,0,-61.0,11.0,18,75,1599.924
1600860,416,0,0,0,-54.0,9.5,18,75,1600.86
1601142,417,0,0,0,-63.0,10.75,18,75,1601.142
1601431,419,0,0,0,-59.0,10.5,18,75,1601.431
1602006,421,0,0,0,-65.0,8.0,18,75,1602.006
1602294,422,0,0,0,-56.0,10.75,18,75,1602.294
1602870,424,0,0,0,-65.0,9.5,18,75,1602.87
1604336,429,0,0,0,-60.0,11.0,18,75,1604.336
1604624,430,0,0,0,-59.0,10.75,18,50,1604.624
1623289,0,0,0,0,-68.0,8.75,18,100,1623.289
1623902,2,0,0,0,-58.0,11.25,18,100,1623.902
1624183,3,0,0,0,-60.0,10.75,18,100,1624.183
1624471,4,0,0,0,-70.0,3.5,18,100,1624.471
1625047,6,0,0,0,-64.0,9.0,18,66,1625.047
1625673,5,0,0,0,-55.0,12.25,18,66,1625.673
1625954,7,0,0,0,-60.0,11.25,18,66,1625.954
1626242,8,0,0,0,-62.0,12.0,18,66,1626.242
1626530,9,0,0,0,-65.0,8.75,18,66,1626.53
1626818,10,0,0,0,-68.0,7.0,18,66,1626.818
1627105,11,0,0,0,-67.0,9.5,18,66,1627.105
1627681,13,0,0,0,-61.0,10.75,18,66,1627.681
1627969,14,0,0,0,-57.0,10.75,18,80,1627.969
1628308,1,0,0,0,-66.0,10.0,18,80,1628.308
1628589,12,0,0,0,-59.0,11.75,18,80,1628.589
1628877,15,0,0,0,-70.0,-0.25,18,80,1628.877
1629165,16,0,0,0,-57.0,10.5,18,80,1629.165
1629477,17,0,0,0,-66.0,8.75,18,80,1629.477
1629765,18,0,0,0,-55.0,12.0,18,80,1629.765
1630052,19,0,0,0,-51.0,11.25,18,80,1630.052
1630340,20,0,0,0,-53.0,11.5,18,80,1630.34
1630647,21,0,0,0,-49.0,11.0,18,80,1630.647
1630934,22,0,0,0,-48.0,11.0,18,80,1630.934
1631222,23,0,0,0,-50.0,11.0,18,80,1631.222
1631510,24,0,0,0,-50.0,12.0,18,80,1631.51
1631798,25,0,0,0,-51.0,11.75,18,80,1631.798
1632086,26,0,0,0,-50.0,10.0,18,80,1632.086
1632457,27,0,0,0,-57.0,10.75,18,80,1632.457
1632744,28,0,0,0,-53.0,10.75,18,100,1632.744
1633083,29,0,0,0,-69.0,10.25,18,100,1633.083
1633365,30,0,0,0,-64.0,10.5,18,100,1633.365
1633652,31,0,0,0,-60.0,12.75,18,100,1633.652
1634228,33,0,0,0,-55.0,10.25,18,100,1634.228
1634516,34,0,0,0,-58.0,10.5,18,100,1634.516
1634804,35,0,0,0,-72.0,-8.0,18,100,1634.804
1635117,36,0,0,0,-63.0,10.75,18,100,1635.117
1635404,37,0,0,0,-61.0,9.0,18,100,1635.404
1635692,38,0,0,0,-61.0,10.0,18,100,1635.692
1636268,40,0,0,0,-57.0,11.5,18,100,1636.268
1636556,41,0,0,0,-58.0,11.0,18,100,1636.556
1636843,42,0,0,0,-64.0,7.75,18,100,1636.843
1637131,43,0,0,0,-59.0,11.75,18,100,1637.131
1637419,44,0,0,0,-59.0,12.25,18,87,1637.419
1637757,32,0,0,0,-70.0,7.5,18,87,1637.757
1638067,39,0,0,0,-56.0,11.0,18,87,1638.067
1638354,45,0,0,0,-61.0,10.25,18,87,1638.354
1638642,46,0,0,0,-57.0,12.0,18,87,1638.642
1638930,47,0,0,0,-60.0,11.0,18,87,1638.93
1639506,49,0,0,0,-65.0,10.0,18,87,1639.506
1640081,51,0,0,0,-60.0,10.5,18,87,1640.081
1640369,52,0,0,0,-70.0,9.75,18,87,1640.369
1640657,53,0,0,0,-59.0,12.0,18,87,1640.657
1640945,54,0,0,0,-58.0,11.25,18,87,1640.945
1641257,55,0,0,0,-68.0,9.5,18,87,1641.257
1641857,57,0,0,0,-65.0,11.25,18,87,1641.857
1642144,58,0,0,0,-65.0,9.25,18,81,1642.144
1642483,48,0,0,0,-54.0,12.0,18,81,1642.483
1642765,50,0,0,0,-61.0,11.0,18,81,1642.765
1643052,56,0,0,0,-61.0,11.25,18,81,1643.052
1643340,59,0,0,0,-64.0,10.75,18,81,1643.34
1643647,60,0,0,0,-61.0,10.5,18,81,1643.647
1643957,61,0,0,0,-59.0,13.0,18,81,1643.957
1644244,62,0,0,0,-60.0,8.5,18,81,1644.244
1644577,63,0,0,0,-73.0,7.25,18,81,1644.577
1644864,64,0,0,0,-66.0,9.5,18,81,1644.864
1645152,65,0,0,0,-73.0,6.75,18,81,1645.152
1645440,66,0,0,0,-66.0,1.0,18,81,1645.44
1645728,67,0,0,0,-68.0,8.75,18,81,1645.728
1646016,68,0,0,0,-63.0,10.75,18,81,1646.016
1646304,69,0,0,0,-74.0,-3.25,18,81,1646.304
1646617,70,0,0,0,-56.0,11.5,18,81,1646.617
1646904,71,0,0,0,-61.0,11.25,18,100,1646.904
1647243,72,0,0,0,-58.0,3.75,18,100,1647.243
1647525,73,0,0,0,-67.0,9.75,18,100,1647.525
1647813,74,0,0,0,-62.0,11.25,18,100,1647.813
1648100,75,0,0,0,-72.0,6.75,18,100,1648.1
1648388,76,0,0,0,-59.0,11.25,18,100,1648.388
1648676,77,0,0,0,-62.0,11.25,18,100,1648.676
1648964,78,0,0,0,-67.0,5.0,18,100,1648.964
1649251,79,0,0,0,-55.0,11.0,18,100,1649.251
1649539,80,0,0,0,-62.0,10.0,18,100,1649.539
1649827,81,0,0,0,-70.0,8.25,18,100,1649.827
1650115,82,0,0,0,-55.0,12.0,18,100,1650.115
1650403,83,0,0,0,-58.0,8.25,18,100,1650.403
1650978,85,0,0,0,-59.0,12.25,18,100,1650.978
1651614,87,0,0,0,-63.0,10.75,18,87,1651.614
1651953,84,0,0,0,-66.0,9.25,18,87,1651.953
1652235,86,0,0,0,-62.0,10.25,18,87,1652.235
1652522,88,0,0,0,-62.0,10.75,18,87,1652.522
1652810,89,0,0,0,-63.0,11.25,18,87,1652.81
1653098,90,0,0,0,-62.0,10.0,18,87,1653.098
1653386,91,0,0,0,-69.0,9.75,18,87,1653.386
1653674,92,0,0,0,-56.0,11.25,18,87,1653.674
1653961,93,0,0,0,-56.0,11.0,18,87,1653.961
1654277,94,0,0,0,-60.0,10.75,18,87,1654.277
1654564,95,0,0,0,-55.0,12.25,18,87,1654.564
1654852,96,0,0,0,-62.0,9.25,18,87,1654.852
1655140,97,0,0,0,-69.0,5.75,18,87,1655.14
1655447,98,0,0,0,-65.0,8.5,18,87,1655.447
1656310,101,0,0,0,-67.0,9.25,18,87,1656.31
1656713,99,0,0,0,-58.0,11.0,18,87,1656.713
1656994,100,0,0,0,-67.0,6.25,18,87,1656.994
1657282,102,0,0,0,-59.0,9.75,18,87,1657.282
1657570,103,0,0,0,-59.0,10.5,18,87,1657.57
1657858,104,0,0,0,-52.0,10.75,18,87,1657.858
1658145,105,0,0,0,-61.0,11.5,18,87,1658.145
1658433,106,0,0,0,-67.0,6.25,18,87,1658.433
1659009,108,0,0,0,-60.0,11.75,18,87,1659.009
1659297,109,0,0,0,-60.0,10.25,18,87,1659.297
1659584,110,0,0,0,-60.0,11.25,18,87,1659.584
1659872,111,0,0,0,-56.0,11.5,18,87,1659.872
1660160,112,0,0,0,-66.0,7.75,18,87,1660.16
1660448,113,0,0,0,-67.0,-1.75,18,87,1660.448
1660736,114,0,0,0,-60.0,11.5,18,87,1660.736
1661023,115,0,0,0,-59.0,10.5,18,93,1661.023
1661362,107,0,0,0,-61.0,11.5,18,93,1661.362
1661644,116,0,0,0,-54.0,11.25,18,93,1661.644
1661931,117,0,0,0,-53.0,11.25,18,93,1661.931
1662219,118,0,0,0,-56.0,9.5,18,93,1662.219
1662526,119,0,0,0,-62.0,6.75,18,93,1662.526
1662814,120,0,0,0,-70.0,8.5,18,93,1662.814
1663102,121,0,0,0,-55.0,11.0,18,93,1663.102
1663390,122,0,0,0,-64.0,7.75,18,93,1663.39
1663697,123,0,0,0,-59.0,10.25,18,93,1663.697
1663984,124,0,0,0,-70.0,8.25,18,93,1663.984
1664272,125,0,0,0,-55.0,11.0,18,93,1664.272
1664560,126,0,0,0,-62.0,11.5,18,93,1664.56
1664848,127,0,0,0,-57.0,11.25,18,93,1664.848
1665136,128,0,0,0,-53.0,12.25,18,93,1665.136
1665423,129,0,0,0,-57.0,11.5,18,93,1665.423
1665757,130,0,0,0,-58.0,12.0,18,100,1665.757
1666095,131,0,0,0,-60.0,11.0,18,100,1666.095
1666665,133,0,0,0,-57.0,11.5,18,100,1666.665
1666953,134,0,0,0,-74.0,2.75,18,100,1666.953
1667240,135,0,0,0,-57.0,11.5,18,100,1667.24
1667816,137,0,0,0,-63.0,10.25,18,100,1667.816
1668104,138,0,0,0,-52.0,11.25,18,100,1668.104
1668967,141,0,0,0,-56.0,11.75,18,100,1668.967
1669255,142,0,0,0,-62.0,8.0,18,100,1669.255
1669567,143,0,0,0,-67.0,10.25,18,100,1669.567
1669854,144,0,0,0,-66.0,10.0,18,100,1669.854
1670142,145,0,0,0,-56.0,11.5,18,100,1670.142
1671537,146,0,0,0,-66.0,9.0,18,75,1671.537
1671876,132,0,0,0,-57.0,11.75,18,75,1671.876
1672157,136,0,0,0,-58.0,8.25,18,75,1672.157
1672445,139,0,0,0,-64.0,9.25,18,75,1672.445
1672733,140,0,0,0,-64.0,7.0,18,75,1672.733
1673021,147,0,0,0,-63.0,10.25,18,75,1673.021
1673308,148,0,0,0,-61.0,8.0,18,75,1673.308
1673596,149,0,0,0,-66.0,10.25,18,75,1673.596
1673884,150,0,0,0,-63.0,11.25,18,75,1673.884
1674172,151,0,0,0,-57.0,10.0,18,75,1674.172
1674487,152,0,0,0,-63.0,11.0,18,75,1674.487
1674774,153,0,0,0,-60.0,11.0,18,75,1674.774
1675087,154,0,0,0,-60.0,10.0,18,75,1675.087
1675374,155,0,0,0,-66.0,10.25,18,75,1675.374
1675662,156,0,0,0,-55.0,9.5,18,75,1675.662
1675950,157,0,0,0,-60.0,11.75,18,75,1675.95
1676238,158,0,0,0,-62.0,11.25,18,100,1676.238
1676577,159,0,0,0,-65.0,7.75,18,100,1676.577
1676858,160,0,0,0,-59.0,11.5,18,100,1676.858
1677146,161,0,0,0,-58.0,10.25,18,100,1677.146
1677434,162,0,0,0,-67.0,9.25,18,100,1677.434
1678009,164,0,0,0,-55.0,6.5,18,100,1678.009
1678317,165,0,0,0,-55.0,10.75,18,100,1678.317
1678604,166,0,0,0,-61.0,11.5,18,100,1678.604
1678892,167,0,0,0,-59.0,11.0,18,100,1678.892
1679180,168,0,0,0,-64.0,10.5,18,100,1679.18
1679487,169,0,0,0,-58.0,10.75,18,100,1679.487
1679774,170,0,0,0,-65.0,10.75,18,100,1679.774
1680087,171,0,0,0,-73.0,2.0,18,100,1680.087
1680374,172,0,0,0,-63.0,10.25,18,100,1680.374
1680662,173,0,0,0,-57.0,10.75,18,100,1680.662
1680950,174,0,0,0,-67.0,10.25,18,93,1680.95
1681288,163,0,0,0,-58.0,11.75,18,93,1681.288
1681570,175,0,0,0,-57.0,11.25,18,93,1681.57
1681858,176,0,0,0,-59.0,10.25,18,93,1681.858
1682145,177,0,0,0,-70.0,8.25,18,93,1682.145
1682433,178,0,0,0,-60.0,11.75,18,93,1682.433
1682721,179,0,0,0,-65.0,8.5,18,93,1682.721
1683057,180,0,0,0,-57.0,10.5,18,93,1683.057
1683344,181,0,0,0,-68.0,3.75,18,93,1683.344
1683632,182,0,0,0,-54.0,10.25,18,93,1683.632
1683966,183,0,0,0,-62.0,9.25,18,93,1683.966
1684254,184,0,0,0,-56.0,11.0,18,93,1684.254
1684542,185,0,0,0,-59.0,10.5,18,93,1684.542
1684830,186,0,0,0,-56.0,11.5,18,93,1684.83
1685118,187,0,0,0,-62.0,9.25,18,93,1685.118
1685694,189,0,0,0,-64.0,11.5,18,93,1685.694
1686032,188,0,0,0,-53.0,11.25,18,93,1686.032
1686337,190,0,0,0,-57.0,11.0,18,93,1686.337
1686624,191,0,0,0,-56.0,10.25,18,93,1686.624
1687227,193,0,0,0,-53.0,10.0,18,93,1687.227
1687514,194,0,0,0,-53.0,11.25,18,93,1687.514
1687802,195,0,0,0,-58.0,9.25,18,93,1687.802
1688090,196,0,0,0,-54.0,12.0,18,93,1688.09
1688378,197,0,0,0,-61.0,9.5,18,93,1688.378
1688665,198,0,0,0,-54.0,12.0,18,93,1688.665
1688953,199,0,0,0,-58.0,11.0,18,93,1688.953
1689241,200,0,0,0,-56.0,10.75,18,93,1689.241
1689529,201,0,0,0,-57.0,12.0,18,93,1689.529
1689837,202,0,0,0,-62.0,9.75,18,93,1689.837
1690124,203,0,0,0,-63.0,11.75,18,93,1690.124
1690412,204,0,0,0,-60.0,10.5,18,93,1690.412
1690751,192,0,0,0,-64.0,11.25,18,93,1690.751
1691033,205,0,0,0,-60.0,10.0,18,93,1691.033
1691320,206,0,0,0,-58.0,11.0,18,93,1691.32
1691608,207,0,0,0,-58.0,11.75,18,93,1691.608
1691896,208,0,0,0,-56.0,11.25,18,93,1691.896
1692184,209,0,0,0,-56.0,10.0,18,93,1692.184
1692472,210,0,0,0,-59.0,10.75,18,93,1692.472
1692759,211,0,0,0,-56.0,9.75,18,93,1692.759
1693067,212,0,0,0,-56.0,11.0,18,93,1693.067
1693642,214,0,0,0,-59.0,10.75,18,93,1693.642
1693930,215,0,0,0,-61.0,9.0,18,93,1693.93
1694218,216,0,0,0,-56.0,8.5,18,93,1694.218
1694527,217,0,0,0,-55.0,12.25,18,93,1694.527
1694814,218,0,0,0,-55.0,11.25,18,93,1694.814
1695102,219,0,0,0,-59.0,8.5,18,93,1695.102
1695441,213,0,0,0,-56.0,11.75,18,93,1695.441
1696010,221,0,0,0,-63.0,11.5,18,93,1696.01
1696298,222,0,0,0,-69.0,7.75,18,93,1696.298
1696586,223,0,0,0,-56.0,11.0,18,93,1696.586
1696874,224,0,0,0,-54.0,11.25,18,93,1696.874
1697161,225,0,0,0,-62.0,9.0,18,93,1697.161
1697449,226,0,0,0,-53.0,11.25,18,93,1697.449
1697737,227,0,0,0,-59.0,10.75,18,93,1697.737
1698313,229,0,0,0,-53.0,10.5,18,93,1698.313
1698600,230,0,0,0,-63.0,9.75,18,93,1698.6
1698888,231,0,0,0,-58.0,12.5,18,93,1698.888
1699176,232,0,0,0,-63.0,11.0,18,93,1699.176
1699464,233,0,0,0,-64.0,9.25,18,93,1699.464
1699752,234,0,0,0,-56.0,11.25,18,87,1699.752
1700090,220,0,0,0,-72.0,5.75,18,87,1700.09
1700372,228,0,0,0,-52.0,12.0,18,87,1700.372
1700687,235,0,0,0,-55.0,11.5,18,87,1700.687
1700974,236,0,0,0,-58.0,5.75,18,87,1700.974
1701286,237,0,0,0,-68.0,7.75,18,87,1701.286
1701862,239,0,0,0,-51.0,11.75,18,87,1701.862
1702150,240,0,0,0,-54.0,11.5,18,87,1702.15
1702438,241,0,0,0,-55.0,12.25,18,87,1702.438
1702726,242,0,0,0,-54.0,13.25,18,87,1702.726
1703013,243,0,0,0,-68.0,5.75,18,87,1703.013
1703347,244,0,0,0,-56.0,9.25,18,87,1703.347
1703634,245,0,0,0,-63.0,1.75,18,87,1703.634
1703947,246,0,0,0,-57.0,11.75,18,87,1703.947
1704234,247,0,0,0,-59.0,11.5,18,87,1704.234
1704522,248,0,0,0,-56.0,11.25,18,93,1704.522
1704861,238,0,0,0,-67.0,5.25,18,93,1704.861
1705430,250,0,0,0,-60.0,9.75,18,93,1705.43
1705718,251,0,0,0,-54.0,10.5,18,93,1705.718
1706006,252,0,0,0,-59.0,11.75,18,93,1706.006
1706294,253,0,0,0,-58.0,11.25,18,93,1706.294
1706582,254,0,0,0,-58.0,10.0,18,93,1706.582
1707176,256,0,0,0,-55.0,11.5,18,93,1707.176
1707464,257,0,0,0,-65.0,8.5,18,93,1707.464
1707752,258,0,0,0,-61.0,11.75,18,93,1707.752
1708354,260,0,0,0,-61.0,10.25,18,93,1708.354
1708667,261,0,0,0,-64.0,11.5,18,93,1708.667
1708954,262,0,0,0,-64.0,11.0,18,93,1708.954
1709242,263,0,0,0,-61.0,10.75,18,81,1709.242
1709581,249,0,0,0,-57.0,10.75,18,81,1709.581
1709862,255,0,0,0,-66.0,7.75,18,81,1709.862
1710150,259,0,0,0,-61.0,7.5,18,81,1710.15
1710726,265,0,0,0,-68.0,10.25,18,81,1710.726
1711014,266,0,0,0,-63.0,10.25,18,81,1711.014
1711301,267,0,0,0,-57.0,12.0,18,81,1711.301
1711589,268,0,0,0,-61.0,11.25,18,81,1711.589
1711877,269,0,0,0,-62.0,10.75,18,81,1711.877
1712186,270,0,0,0,-62.0,8.5,18,81,1712.186
1712787,272,0,0,0,-54.0,11.0,18,81,1712.787
1713074,273,0,0,0,-51.0,11.25,18,81,1713.074
1713362,274,0,0,0,-63.0,10.5,18,81,1713.362
1713677,275,0,0,0,-59.0,11.75,18,81,1713.677
1713965,276,0,0,0,-60.0,11.75,18,87,1713.965
1714323,264,0,0,0,-66.0,10.5,18,87,1714.323
1715180,278,0,0,0,-65.0,5.75,18,87,1715.18
1715468,279,0,0,0,-54.0,10.75,18,87,1715.468
1716043,281,0,0,0,-50.0,11.25,18,87,1716.043
1716619,283,0,0,0,-71.0,8.5,18,87,1716.619
1716926,284,0,0,0,-63.0,8.5,18,87,1716.926
1717527,286,0,0,0,-61.0,12.25,18,87,1717.527
1717814,287,0,0,0,-55.0,11.75,18,87,1717.814
1718102,288,0,0,0,-56.0,11.25,18,87,1718.102
1718390,289,0,0,0,-51.0,10.5,18,87,1718.39
1718678,290,0,0,0,-58.0,10.75,18,68,1718.678
1719017,271,0,0,0,-69.0,1.0,18,68,1719.017
1719298,277,0,0,0,-56.0,11.5,18,68,1719.298
1719607,280,0,0,0,-60.0,11.0,18,68,1719.607
1719894,282,0,0,0,-67.0,9.0,18,68,1719.894
1720182,285,0,0,0,-54.0,10.25,18,68,1720.182
1720470,291,0,0,0,-56.0,10.5,18,68,1720.47
1720758,292,0,0,0,-53.0,12.0,18,68,1720.758
1721937,296,0,0,0,-56.0,10.25,18,68,1721.937
1722224,297,0,0,0,-52.0,10.5,18,68,1722.224
1722512,298,0,0,0,-54.0,11.5,18,68,1722.512
1722800,299,0,0,0,-60.0,11.0,18,68,1722.8
1723088,300,0,0,0,-65.0,8.5,18,68,1723.088
1723376,301,0,0,0,-55.0,11.25,18,81,1723.376
1723714,293,0,0,0,-61.0,10.25,18,81,1723.714
1724017,294,0,0,0,-58.0,11.5,18,81,1724.017
1724927,303,0,0,0,-55.0,11.0,18,81,1724.927
1725214,304,0,0,0,-55.0,11.5,18,81,1725.214
1725790,306,0,0,0,-55.0,11.5,18,81,1725.79
1726365,308,0,0,0,-64.0,9.0,18,81,1726.365
1726653,309,0,0,0,-50.0,11.75,18,81,1726.653
1727517,312,0,0,0,-63.0,11.5,18,81,1727.517
1727805,313,0,0,0,-63.0,8.25,18,81,1727.805
1728092,314,0,0,0,-63.0,9.25,18,62,1728.092
1728431,295,0,0,0,-62.0,10.0,18,62,1728.431
1729027,305,0,0,0,-56.0,11.0,18,62,1729.027
1729626,310,0,0,0,-60.0,8.0,18,62,1729.626
1731066,318,0,0,0,-58.0,11.0,18,62,1731.066
1731354,319,0,0,0,-61.0,7.5,18,62,1731.354
1731997,321,0,0,0,-66.0,-2.25,18,62,1731.997
1732284,322,0,0,0,-59.0,9.75,18,62,1732.284
1732860,324,0,0,0,-51.0,11.75,18,50,1732.86
1733487,307,0,0,0,-55.0,11.0,18,50,1733.487
1733768,311,0,0,0,-56.0,12.0,18,50,1733.768
1734056,315,0,0,0,-60.0,10.5,18,50,1734.056
1734344,316,0,0,0,-53.0,11.5,18,50,1734.344
1734656,317,0,0,0,-64.0,9.0,18,50,1734.656
1734944,320,0,0,0,-56.0,10.25,18,50,1734.944
1735544,325,0,0,0,-54.0,11.75,18,50,1735.544
1735832,326,0,0,0,-63.0,10.5,18,50,1735.832
1736120,327,0,0,0,-58.0,10.0,18,50,1736.12
1736408,328,0,0,0,-63.0,9.75,18,50,1736.408
1736717,329,0,0,0,-52.0,11.5,18,50,1736.717
1737292,331,0,0,0,-60.0,10.75,18,50,1737.292
1737580,332,0,0,0,-54.0,10.25,18,81,1737.58
1738231,323,0,0,0,-54.0,11.25,18,81,1738.231
1738512,330,0,0,0,-55.0,9.0,18,81,1738.512
1738826,333,0,0,0,-56.0,11.25,18,81,1738.826
1739114,334,0,0,0,-48.0,13.0,18,81,1739.114
1739978,337,0,0,0,-52.0,7.75,18,81,1739.978
1740265,338,0,0,0,-63.0,9.5,18,81,1740.265
1741129,341,0,0,0,-53.0,10.5,18,81,1741.129
1741417,342,0,0,0,-57.0,11.25,18,81,1741.417
1741705,343,0,0,0,-49.0,11.5,18,81,1741.705
1742304,345,0,0,0,-54.0,12.25,18,62,1742.304
1742931,335,0,0,0,-57.0,10.75,18,62,1742.931
1743213,336,0,0,0,-51.0,11.5,18,62,1743.213
1743500,339,0,0,0,-56.0,9.75,18,62,1743.5
1743788,340,0,0,0,-56.0,9.75,18,62,1743.788
1744076,344,0,0,0,-55.0,11.75,18,62,1744.076
1744652,347,0,0,0,-52.0,10.25,18,62,1744.652
1744939,348,0,0,0,-54.0,11.5,18,62,1744.939
1745557,350,0,0,0,-53.0,10.5,18,62,1745.557
1745844,351,0,0,0,-48.0,10.5,18,62,1745.844
1746132,352,0,0,0,-52.0,10.5,18,62,1746.132
1746420,353,0,0,0,-53.0,10.0,18,62,1746.42
1746708,354,0,0,0,-61.0,7.25,18,62,1746.708
1746996,355,0,0,0,-58.0,10.5,18,81,1746.996
1747334,302,0,0,0,-59.0,11.25,18,81,1747.334
1747616,346,0,0,0,-57.0,11.0,18,81,1747.616
1747904,349,0,0,0,-58.0,11.5,18,81,1747.904
1748767,358,0,0,0,-58.0,11.25,18,81,1748.767
1749055,359,0,0,0,-53.0,12.0,18,81,1749.055
1749343,360,0,0,0,-56.0,11.5,18,81,1749.343
1749657,361,0,0,0,-59.0,10.0,18,81,1749.657
1750232,363,0,0,0,-63.0,5.75,18,81,1750.232
1750808,365,0,0,0,-62.0,5.5,18,81,1750.808
1751692,368,0,0,0,-55.0,11.0,18,62,1751.692
1752031,356,0,0,0,-60.0,7.0,18,62,1752.031
1752337,357,0,0,0,-58.0,10.75,18,62,1752.337
1752912,364,0,0,0,-55.0,11.25,18,62,1752.912
1753200,366,0,0,0,-56.0,9.5,18,62,1753.2
1753488,367,0,0,0,-58.0,7.75,18,62,1753.488
1753775,369,0,0,0,-54.0,10.0,18,62,1753.775
1754087,370,0,0,0,-51.0,11.5,18,62,1754.087
1754950,373,0,0,0,-53.0,8.0,18,62,1754.95
1755238,374,0,0,0,-55.0,11.75,18,62,1755.238
1755526,375,0,0,0,-62.0,10.75,18,62,1755.526
1755813,376,0,0,0,-55.0,10.5,18,62,1755.813
1756101,377,0,0,0,-58.0,12.25,18,62,1756.101
1756389,378,0,0,0,-54.0,11.25,18,81,1756.389
1756728,362,0,0,0,-50.0,11.0,18,81,1756.728
1757036,371,0,0,0,-56.0,9.0,18,81,1757.036
1757324,372,0,0,0,-53.0,11.0,18,81,1757.324
1757612,379,0,0,0,-58.0,10.75,18,81,1757.612
1757900,380,0,0,0,-49.0,11.25,18,81,1757.9
1758207,381,0,0,0,-52.0,10.25,18,81,1758.207
1758494,382,0,0,0,-59.0,9.5,18,81,1758.494
1758782,383,0,0,0,-51.0,11.5,18,81,1758.782
1759096,384,0,0,0,-57.0,9.25,18,81,1759.096
1759384,385,0,0,0,-54.0,9.5,18,81,1759.384
1759672,386,0,0,0,-54.0,11.5,18,81,1759.672
1759960,387,0,0,0,-49.0,11.25,18,81,1759.96
1760248,388,0,0,0,-49.0,11.25,18,81,1760.248
1760536,389,0,0,0,-48.0,11.25,18,81,1760.536
1760824,390,0,0,0,-47.0,11.0,18,81,1760.824
1761111,391,0,0,0,-49.0,11.75,18,100,1761.111
1761450,392,0,0,0,-51.0,11.0,18,100,1761.45
1761732,393,0,0,0,-50.0,9.25,18,100,1761.732
1762020,394,0,0,0,-65.0,0.75,18,100,1762.02
1762307,395,0,0,0,-57.0,10.0,18,100,1762.307
1762595,396,0,0,0,-60.0,10.75,18,100,1762.595
1762883,397,0,0,0,-55.0,11.5,18,100,1762.883
1763171,398,0,0,0,-48.0,9.25,18,100,1763.171
1763459,399,0,0,0,-47.0,10.75,18,100,1763.459
1763746,400,0,0,0,-49.0,10.5,18,100,1763.746
1764057,401,0,0,0,-48.0,10.25,18,100,1764.057
1764367,402,0,0,0,-50.0,10.0,18,100,1764.367
1764654,403,0,0,0,-58.0,10.25,18,100,1764.654
1764942,404,0,0,0,-53.0,11.0,18,100,1764.942
1765257,405,0,0,0,-54.0,11.5,18,100,1765.257
1765544,406,0,0,0,-58.0,10.75,18,100,1765.544
1765897,407,0,0,0,-52.0,11.25,18,100,1765.897
1766235,408,0,0,0,-56.0,10.5,18,100,1766.235
1766517,409,0,0,0,-51.0,12.0,18,100,1766.517
1766805,410,0,0,0,-54.0,11.0,18,100,1766.805
1768314,415,0,0,0,-49.0,10.5,18,100,1768.314
1768602,416,0,0,0,-54.0,11.75,18,100,1768.602
1768890,417,0,0,0,-50.0,12.0,18,100,1768.89
1770107,421,0,0,0,-58.0,10.25,18,100,1770.107
1770394,422,0,0,0,-54.0,11.5,18,100,1770.394
1770682,423,0,0,0,-66.0,6.25,18,56,1770.682
1771309,412,0,0,0,-53.0,12.0,18,56,1771.309
1771878,414,0,0,0,-61.0,8.5,18,56,1771.878
1772454,419,0,0,0,-59.0,11.75,18,56,1772.454
1772741,420,0,0,0,-51.0,11.75,18,56,1772.741
1773029,424,0,0,0,-59.0,9.75,18,56,1773.029
1773317,425,0,0,0,-51.0,11.5,18,56,1773.317
1773627,426,0,0,0,-51.0,11.25,18,56,1773.627
1773937,427,0,0,0,-53.0,10.25,18,56,1773.937
1774224,428,0,0,0,-56.0,10.0,18,56,1774.224
1774512,429,0,0,0,-49.0,11.0,18,56,1774.512
1774800,430,0,0,0,-56.0,10.75,18,56,1774.8
1775088,431,0,0,0,-52.0,11.0,18,56,1775.088
1775376,432,0,0,0,-55.0,10.75,18,81,1775.376
1775714,411,0,0,0,-46.0,11.0,18,81,1775.714
1775996,413,0,0,0,-59.0,9.0,18,81,1775.996
1776594,433,0,0,0,-48.0,11.0,18,81,1776.594
1776882,434,0,0,0,-51.0,11.0,18,81,1776.882
1777170,435,0,0,0,-51.0,11.75,18,81,1777.17
1777458,436,0,0,0,-52.0,11.75,18,81,1777.458
1777746,437,0,0,0,-53.0,11.5,18,81,1777.746
1778033,438,0,0,0,-48.0,12.25,18,81,1778.033
1778321,439,0,0,0,-51.0,10.25,18,81,1778.321
1778609,440,0,0,0,-62.0,6.5,18,81,1778.609
1778917,441,0,0,0,-53.0,11.25,18,81,1778.917
1779227,442,0,0,0,-53.0,11.25,18,81,1779.227
1779537,443,0,0,0,-48.0,10.25,18,81,1779.537
1779824,444,0,0,0,-54.0,10.5,18,81,1779.824
1780112,445,0,0,0,-49.0,11.0,18,93,1780.112
1780739,446,0,0,0,-56.0,10.75,18,93,1780.739
1781020,447,0,0,0,-58.0,10.0,18,93,1781.02
1781308,448,0,0,0,-46.0,11.25,18,93,1781.308
1781596,449,0,0,0,-46.0,11.0,18,93,1781.596
1781927,450,0,0,0,-53.0,11.5,18,93,1781.927
1782237,451,0,0,0,-60.0,11.0,18,93,1782.237
1782812,453,0,0,0,-52.0,10.25,18,93,1782.812
1783100,454,0,0,0,-47.0,12.0,18,93,1783.1
1783427,455,0,0,0,-44.0,11.25,18,93,1783.427
1783737,456,0,0,0,-46.0,10.25,18,93,1783.737
1784047,457,0,0,0,-44.0,11.0,18,93,1784.047
1784334,458,0,0,0,-47.0,12.25,18,93,1784.334
1784622,459,0,0,0,-59.0,6.5,18,93,1784.622
1784910,460,0,0,0,-58.0,10.5,18,87,1784.91
1785249,418,0,0,0,-57.0,10.75,18,87,1785.249
1785530,452,0,0,0,-47.0,11.0,18,87,1785.53
1785818,461,0,0,0,-48.0,11.75,18,87,1785.818
1786106,462,0,0,0,-47.0,11.5,18,87,1786.106
1786394,463,0,0,0,-49.0,12.5,18,87,1786.394
1786681,464,0,0,0,-46.0,10.5,18,87,1786.681
1786969,465,0,0,0,-48.0,11.25,18,87,1786.969
1787257,466,0,0,0,-48.0,11.5,18,87,1787.257
1787545,467,0,0,0,-42.0,11.25,18,87,1787.545
1787833,468,0,0,0,-45.0,11.5,18,87,1787.833
1788121,469,0,0,0,-49.0,11.5,18,87,1788.121
1788408,470,0,0,0,-48.0,11.5,18,87,1788.408
1788696,471,0,0,0,-49.0,10.5,18,87,1788.696
1788984,472,0,0,0,-47.0,11.0,18,87,1788.984
1789272,473,0,0,0,-43.0,11.5,18,87,1789.272
1789560,474,0,0,0,-47.0,10.75,18,100,1789.56
1789898,475,0,0,0,-49.0,12.0,18,100,1789.898
1790180,476,0,0,0,-53.0,10.25,18,100,1790.18
1790468,477,0,0,0,-60.0,7.5,18,100,1790.468
1790756,478,0,0,0,-53.0,10.25,18,100,1790.756
1791356,480,0,0,0,-61.0,8.5,18,100,1791.356
1791644,481,0,0,0,-53.0,10.5,18,100,1791.644
1791956,482,0,0,0,-52.0,9.5,18,100,1791.956
1792244,483,0,0,0,-56.0,10.75,18,100,1792.244
1792532,484,0,0,0,-51.0,11.0,18,100,1792.532
1792820,485,0,0,0,-46.0,11.0,18,100,1792.82
1793108,486,0,0,0,-44.0,11.0,18,100,1793.108
1793396,487,0,0,0,-45.0,11.0,18,100,1793.396
1793683,488,0,0,0,-46.0,11.0,18,100,1793.683
1793971,489,0,0,0,-48.0,12.25,18,100,1793.971
1794259,490,0,0,0,-51.0,10.0,18,93,1794.259
1794598,479,0,0,0,-44.0,10.25,18,93,1794.598
1794879,491,0,0,0,-49.0,11.5,18,93,1794.879
1795167,492,0,0,0,-59.0,9.75,18,93,1795.167
1795455,493,0,0,0,-48.0,10.0,18,93,1795.455
1795743,494,0,0,0,-53.0,11.5,18,93,1795.743
1796031,495,0,0,0,-44.0,10.75,18,93,1796.031
1796318,496,0,0,0,-46.0,11.0,18,93,1796.318
1796606,497,0,0,0,-47.0,11.0,18,93,1796.606
1797470,500,0,0,0,-50.0,13.0,18,93,1797.47
1797758,501,0,0,0,-50.0,11.25,18,93,1797.758
1798045,502,0,0,0,-46.0,11.0,18,93,1798.045
1798377,503,0,0,0,-54.0,9.5,18,93,1798.377
1800058,505,0,0,0,-46.0,10.75,18,81,1800.058
1800397,498,0,0,0,-42.0,11.25,18,81,1800.397
1800678,499,0,0,0,-43.0,11.25,18,81,1800.678
1800966,504,0,0,0,-48.0,11.0,18,81,1800.966
1801254,506,0,0,0,-42.0,11.0,18,81,1801.254
1801542,507,0,0,0,-47.0,10.5,18,81,1801.542
1801857,508,0,0,0,-44.0,11.5,18,81,1801.857
1802144,509,0,0,0,-46.0,11.0,18,81,1802.144
1802432,510,0,0,0,-46.0,10.75,18,81,1802.432
1802720,511,0,0,0,-48.0,11.0,18,81,1802.72
1803008,512,0,0,0,-48.0,11.0,18,81,1803.008
1803296,513,0,0,0,-48.0,13.25,18,81,1803.296
1803583,514,0,0,0,-55.0,8.25,18,81,1803.583
1803871,515,0,0,0,-54.0,10.5,18,81,1803.871
1804447,517,0,0,0,-57.0,7.25,18,81,1804.447
1804735,518,0,0,0,-56.0,11.75,18,93,1804.735
1805073,516,0,0,0,-52.0,11.0,18,93,1805.073
1805643,520,0,0,0,-48.0,11.5,18,93,1805.643
1805931,521,0,0,0,-46.0,11.0,18,93,1805.931
1806218,522,0,0,0,-54.0,8.5,18,93,1806.218
1806506,523,0,0,0,-47.0,10.75,18,93,1806.506
1806794,524,0,0,0,-49.0,12.0,18,93,1806.794
1807082,525,0,0,0,-51.0,8.25,18,93,1807.082
1807370,526,0,0,0,-49.0,11.75,18,93,1807.37
1808277,529,0,0,0,-51.0,11.5,18,93,1808.277
1808587,530,0,0,0,-44.0,10.75,18,93,1808.587
1808874,531,0,0,0,-47.0,10.5,18,93,1808.874
1809162,532,0,0,0,-47.0,10.75,18,93,1809.162
1809450,533,0,0,0,-45.0,12.75,18,81,1809.45
1809789,519,0,0,0,-44.0,11.75,18,81,1809.789
1810097,527,0,0,0,-51.0,10.75,18,81,1810.097
1810406,528,0,0,0,-50.0,9.0,18,81,1810.406
1810694,534,0,0,0,-50.0,10.25,18,81,1810.694
1810982,535,0,0,0,-43.0,12.25,18,81,1810.982
1811270,536,0,0,0,-44.0,11.5,18,81,1811.27
1811597,537,0,0,0,-43.0,11.25,18,81,1811.597
1811884,538,0,0,0,-59.0,8.5,18,81,1811.884
1812197,539,0,0,0,-56.0,11.25,18,81,1812.197
1813107,542,0,0,0,-46.0,11.0,18,81,1813.107
1813394,543,0,0,0,-48.0,11.25,18,81,1813.394
1813707,544,0,0,0,-51.0,11.5,18,81,1813.707
1814017,545,0,0,0,-53.0,12.0,18,81,1814.017
1814304,546,0,0,0,-48.0,11.0,18,87,1814.304
1814663,540,0,0,0,-54.0,11.5,18,87,1814.663
1814944,541,0,0,0,-45.0,11.75,18,87,1814.944
1815232,547,0,0,0,-46.0,11.25,18,87,1815.232
1815520,548,0,0,0,-51.0,11.25,18,87,1815.52
1815826,549,0,0,0,-52.0,9.5,18,87,1815.826
1816114,550,0,0,0,-57.0,9.25,18,87,1816.114
1816690,552,0,0,0,-48.0,10.75,18,87,1816.69
1816978,553,0,0,0,-43.0,11.25,18,87,1816.978
1817265,554,0,0,0,-48.0,11.0,18,87,1817.265
1817553,555,0,0,0,-48.0,10.5,18,87,1817.553
1817841,556,0,0,0,-46.0,10.5,18,87,1817.841
1818129,557,0,0,0,-47.0,10.75,18,87,1818.129
1818417,558,0,0,0,-60.0,2.5,18,87,1818.417
1820147,560,0,0,0,-43.0,11.25,18,87,1820.147
1820486,551,0,0,0,-47.0,10.75,18,87,1820.486
1820768,559,0,0,0,-48.0,11.5,18,87,1820.768
1821055,561,0,0,0,-46.0,9.5,18,87,1821.055
1821343,562,0,0,0,-43.0,11.0,18,87,1821.343
1821631,563,0,0,0,-48.0,10.75,18,87,1821.631
1821946,564,0,0,0,-48.0,9.75,18,87,1821.946
1822234,565,0,0,0,-43.0,11.5,18,87,1822.234
1822522,566,0,0,0,-46.0,11.25,18,87,1822.522
1822810,567,0,0,0,-46.0,10.75,18,87,1822.81
1823098,568,0,0,0,-47.0,11.0,18,87,1823.098
1823386,569,0,0,0,-42.0,11.25,18,87,1823.386
1823673,570,0,0,0,-47.0,11.0,18,87,1823.673
1823961,571,0,0,0,-46.0,11.25,18,87,1823.961
1824249,572,0,0,0,-47.0,12.5,18,87,1824.249
1824537,573,0,0,0,-44.0,11.25,18,87,1824.537
1825938,574,0,0,0,-48.0,11.75,18,100,1825.938
1826277,575,0,0,0,-47.0,10.75,18,100,1826.277
1826558,576,0,0,0,-44.0,11.5,18,100,1826.558
1826846,577,0,0,0,-43.0,10.75,18,100,1826.846
1827134,578,0,0,0,-47.0,11.75,18,100,1827.134
1827422,579,0,0,0,-44.0,10.0,18,100,1827.422
1827709,580,0,0,0,-44.0,11.0,18,100,1827.709
1827997,581,0,0,0,-52.0,11.0,18,100,1827.997
1828285,582,0,0,0,-54.0,11.25,18,100,1828.285
1828573,583,0,0,0,-61.0,8.0,18,100,1828.573
1828886,584,0,0,0,-52.0,11.75,18,100,1828.886
1829174,585,0,0,0,-50.0,11.5,18,100,1829.174
1829527,586,0,0,0,-48.0,12.0,18,100,1829.527
1829814,587,0,0,0,-55.0,11.25,18,100,1829.814
1830102,588,0,0,0,-50.0,12.0,18,100,1830.102
1830390,589,0,0,0,-50.0,9.75,18,100,1830.39
1830678,590,0,0,0,-55.0,9.5,18,100,1830.678
1831017,591,0,0,0,-46.0,11.75,18,100,1831.017
1831298,592,0,0,0,-44.0,10.75,18,100,1831.298
1831586,593,0,0,0,-43.0,11.25,18,100,1831.586
1831874,594,0,0,0,-42.0,11.25,18,100,1831.874
1832162,595,0,0,0,-42.0,10.25,18,100,1832.162
1832449,596,0,0,0,-42.0,11.75,18,100,1832.449
1832737,597,0,0,0,-46.0,11.0,18,100,1832.737
1833025,598,0,0,0,-49.0,11.0,18,100,1833.025
1833313,599,0,0,0,-45.0,11.0,18,100,1833.313
1833601,600,0,0,0,-44.0,11.0,18,100,1833.601
1833889,601,0,0,0,-38.0,11.25,18,100,1833.889
1834197,602,0,0,0,-39.0,11.25,18,100,1834.197
1834484,603,0,0,0,-40.0,11.75,18,100,1834.484
1834772,604,0,0,0,-41.0,11.25,18,100,1834.772
1858615,0,0,0,0,-42.0,10.5,18,100,1858.615
1858940,1,0,0,0,-41.0,10.75,18,100,1858.94
1859221,2,0,0,0,-41.0,11.75,18,100,1859.221
1859509,3,0,0,0,-42.0,11.75,18,100,1859.509
1859797,4,0,0,0,-47.0,11.0,18,100,1859.797
1860085,5,0,0,0,-50.0,12.25,18,100,1860.085
1860373,6,0,0,0,-55.0,10.5,18,100,1860.373
1861483,6,0,0,0,-56.0,10.75,18,100,1861.483
1861821,7,0,0,0,-46.0,11.5,18,100,1861.821
1862103,8,0,0,0,-52.0,11.25,18,100,1862.103
1862391,9,0,0,0,-51.0,10.0,18,100,1862.391
1862679,10,0,0,0,-52.0,11.5,18,100,1862.679
1862966,11,0,0,0,-45.0,12.25,18,100,1862.966
1863282,12,0,0,0,-43.0,11.75,18,100,1863.282
1863570,13,0,0,0,-47.0,11.25,18,100,1863.57
1863858,14,0,0,0,-41.0,11.5,18,100,1863.858
1864145,15,0,0,0,-44.0,12.25,18,100,1864.145
1864433,16,0,0,0,-40.0,12.0,18,100,1864.433
1864772,17,0,0,0,-41.0,11.5,18,100,1864.772
1865054,18,0,0,0,-45.0,12.25,18,100,1865.054
1865341,19,0,0,0,-39.0,11.5,18,100,1865.341
1865629,20,0,0,0,-39.0,12.0,18,100,1865.629
1865942,21,0,0,0,-41.0,12.75,18,100,1865.942
1866230,22,0,0,0,-50.0,10.75,18,100,1866.23
1866518,23,0,0,0,-44.0,11.5,18,100,1866.518
1866806,24,0,0,0,-40.0,11.5,18,100,1866.806
1867112,25,0,0,0,-45.0,11.5,18,100,1867.112
1867400,26,0,0,0,-43.0,11.5,18,100,1867.4
1867688,27,0,0,0,-41.0,12.25,18,100,1867.688
1868003,28,0,0,0,-41.0,12.5,18,100,1868.003
1868312,29,0,0,0,-41.0,12.25,18,100,1868.312
1868600,30,0,0,0,-38.0,12.0,18,100,1868.6
1868888,31,0,0,0,-39.0,11.5,18,100,1868.888
1869176,32,0,0,0,-41.0,12.25,18,100,1869.176
1869525,33,0,0,0,-43.0,11.0,18,100,1869.525
1869807,34,0,0,0,-37.0,12.5,18,100,1869.807
1870095,35,0,0,0,-38.0,12.5,18,100,1870.095
1870383,36,0,0,0,-39.0,12.5,18,100,1870.383
1870670,37,0,0,0,-38.0,11.5,18,100,1870.67
1870958,38,0,0,0,-36.0,11.75,18,100,1870.958
1871246,39,0,0,0,-40.0,12.25,18,100,1871.246
1871534,40,0,0,0,-39.0,12.25,18,100,1871.534
1871822,41,0,0,0,-41.0,11.5,18,100,1871.822
1872109,42,0,0,0,-40.0,12.25,18,100,1872.109
1872397,43,0,0,0,-43.0,10.5,18,100,1872.397
1872685,44,0,0,0,-43.0,12.0,18,100,1872.685
1872973,45,0,0,0,-38.0,12.75,18,100,1872.973
1873261,46,0,0,0,-39.0,11.75,18,100,1873.261
1873548,47,0,0,0,-36.0,12.25,18,100,1873.548
1873836,48,0,0,0,-37.0,12.0,18,100,1873.836
1874175,49,0,0,0,-38.0,11.5,18,100,1874.175
1874456,50,0,0,0,-40.0,11.75,18,100,1874.456
1874744,51,0,0,0,-39.0,12.25,18,100,1874.744
1875052,52,0,0,0,-39.0,12.0,18,100,1875.052
1875340,53,0,0,0,-40.0,12.0,18,100,1875.34
1875628,54,0,0,0,-40.0,12.0,18,100,1875.628
1875916,55,0,0,0,-42.0,12.0,18,100,1875.916
1876204,56,0,0,0,-42.0,11.0,18,100,1876.204
1876492,57,0,0,0,-39.0,12.0,18,100,1876.492
1876803,58,0,0,0,-38.0,11.0,18,100,1876.803
1877090,59,0,0,0,-37.0,11.75,18,100,1877.09
1877378,60,0,0,0,-36.0,12.5,18,100,1877.378
1877692,61,0,0,0,-37.0,11.5,18,100,1877.692
1878002,62,0,0,0,-33.0,12.0,18,100,1878.002
1878290,63,0,0,0,-40.0,12.25,18,100,1878.29
1878578,64,0,0,0,-38.0,12.0,18,100,1878.578
1878917,65,0,0,0,-37.0,12.0,18,100,1878.917
1879198,66,0,0,0,-37.0,11.5,18,100,1879.198
1879486,67,0,0,0,-40.0,12.25,18,100,1879.486
1879802,68,0,0,0,-39.0,11.75,18,100,1879.802
1880090,69,0,0,0,-41.0,11.75,18,100,1880.09
1880378,70,0,0,0,-42.0,11.0,18,100,1880.378
1880666,71,0,0,0,-41.0,10.25,18,100,1880.666
1880954,72,0,0,0,-40.0,12.0,18,100,1880.954
1881282,73,0,0,0,-43.0,12.25,18,100,1881.282
1881570,74,0,0,0,-42.0,12.5,18,100,1881.57
1881858,75,0,0,0,-43.0,11.25,18,100,1881.858
1882146,76,0,0,0,-44.0,12.0,18,100,1882.146
1882434,77,0,0,0,-39.0,11.5,18,100,1882.434
1882721,78,0,0,0,-43.0,11.75,18,100,1882.721
1883009,79,0,0,0,-49.0,11.25,18,100,1883.009
1883297,80,0,0,0,-43.0,12.0,18,100,1883.297
1883636,81,0,0,0,-39.0,12.5,18,100,1883.636
1883917,82,0,0,0,-45.0,12.0,18,100,1883.917
1884232,83,0,0,0,-40.0,11.5,18,100,1884.232
1884520,84,0,0,0,-44.0,11.0,18,100,1884.52
1884808,85,0,0,0,-44.0,11.25,18,100,1884.808
1885122,86,0,0,0,-40.0,11.75,18,100,1885.122
1885410,87,0,0,0,-42.0,12.0,18,100,1885.41
1885698,88,0,0,0,-42.0,12.0,18,100,1885.698
1885986,89,0,0,0,-46.0,11.75,18,100,1885.986
1886273,90,0,0,0,-47.0,11.5,18,100,1886.273
1886582,91,0,0,0,-44.0,12.25,18,100,1886.582
1886870,92,0,0,0,-53.0,11.75,18,100,1886.87
1887158,93,0,0,0,-42.0,11.75,18,100,1887.158
1887446,94,0,0,0,-40.0,11.25,18,100,1887.446
1887734,95,0,0,0,-43.0,11.5,18,100,1887.734
1888021,96,0,0,0,-45.0,11.25,18,100,1888.021
1888360,97,0,0,0,-45.0,12.75,18,100,1888.36
1888642,98,0,0,0,-43.0,12.0,18,100,1888.642
1888930,99,0,0,0,-44.0,11.5,18,100,1888.93
1889217,100,0,0,0,-50.0,12.25,18,100,1889.217
1889505,101,0,0,0,-56.0,10.25,18,100,1889.505
1889793,102,0,0,0,-43.0,12.0,18,100,1889.793
1890081,103,0,0,0,-61.0,9.75,18,100,1890.081
1890369,104,0,0,0,-55.0,10.5,18,100,1890.369
1890682,105,0,0,0,-57.0,9.5,18,100,1890.682
1890992,106,0,0,0,-41.0,12.0,18,100,1890.992
1891280,107,0,0,0,-43.0,11.25,18,100,1891.28
1891612,108,0,0,0,-41.0,10.75,18,100,1891.612
1891900,109,0,0,0,-41.0,12.0,18,100,1891.9
1892188,110,0,0,0,-41.0,11.25,18,100,1892.188
1892476,111,0,0,0,-52.0,11.5,18,100,1892.476
1892782,112,0,0,0,-42.0,11.5,18,100,1892.782
1893121,113,0,0,0,-50.0,12.5,18,100,1893.121
1893422,114,0,0,0,-53.0,12.0,18,100,1893.422
1893710,115,0,0,0,-53.0,9.5,18,100,1893.71
1893998,116,0,0,0,-50.0,10.5,18,100,1893.998
1894286,117,0,0,0,-46.0,11.75,18,100,1894.286
1894592,118,0,0,0,-42.0,11.0,18,100,1894.592
1894880,119,0,0,0,-43.0,11.25,18,100,1894.88
1895168,120,0,0,0,-44.0,11.5,18,100,1895.168
1895456,121,0,0,0,-43.0,11.5,18,100,1895.456
1895744,122,0,0,0,-44.0,12.25,18,100,1895.744
1896031,123,0,0,0,-43.0,12.0,18,100,1896.031
1896402,124,0,0,0,-41.0,11.5,18,100,1896.402
1896690,125,0,0,0,-40.0,11.25,18,100,1896.69
1897022,126,0,0,0,-41.0,10.75,18,100,1897.022
1897310,127,0,0,0,-40.0,12.25,18,100,1897.31
1897598,128,0,0,0,-45.0,11.25,18,100,1897.598
1897945,129,0,0,0,-48.0,11.25,18,100,1897.945
1898515,131,0,0,0,-42.0,11.75,18,100,1898.515
1898802,132,0,0,0,-46.0,11.25,18,100,1898.802
1899112,133,0,0,0,-44.0,11.5,18,100,1899.112
1899400,134,0,0,0,-49.0,10.5,18,100,1899.4
1899712,135,0,0,0,-54.0,12.0,18,100,1899.712
1900000,136,0,0,0,-48.0,12.5,18,100,1900.0
1900576,138,0,0,0,-53.0,10.5,18,100,1900.576
1900864,139,0,0,0,-44.0,11.75,18,100,1900.864
1901152,140,0,0,0,-39.0,12.0,18,100,1901.152
1901439,141,0,0,0,-43.0,11.25,18,100,1901.439
1901727,142,0,0,0,-41.0,10.75,18,100,1901.727
1902015,143,0,0,0,-42.0,11.0,18,100,1902.015
1902322,144,0,0,0,-38.0,11.25,18,87,1902.322
1902661,130,0,0,0,-37.0,11.25,18,87,1902.661
1902943,137,0,0,0,-41.0,11.25,18,87,1902.943
1903231,145,0,0,0,-44.0,11.5,18,87,1903.231
1903518,146,0,0,0,-41.0,12.0,18,87,1903.518
1903806,147,0,0,0,-47.0,12.25,18,87,1903.806
1904094,148,0,0,0,-41.0,12.0,18,87,1904.094
1904382,149,0,0,0,-45.0,12.0,18,87,1904.382
1904670,150,0,0,0,-44.0,12.25,18,87,1904.67
1904957,151,0,0,0,-41.0,12.25,18,87,1904.957
1905245,152,0,0,0,-44.0,11.5,18,87,1905.245
1905533,153,0,0,0,-58.0,9.25,18,87,1905.533
1906130,155,0,0,0,-43.0,11.5,18,87,1906.13
1906442,156,0,0,0,-43.0,11.5,18,87,1906.442
1906730,157,0,0,0,-50.0,12.0,18,87,1906.73
1907018,158,0,0,0,-47.0,12.5,18,93,1907.018
1907357,154,0,0,0,-50.0,11.0,18,93,1907.357
1907638,159,0,0,0,-46.0,12.0,18,93,1907.638
1907926,160,0,0,0,-44.0,12.25,18,93,1907.926
1908214,161,0,0,0,-38.0,12.0,18,93,1908.214
1908502,162,0,0,0,-42.0,12.0,18,93,1908.502
1908812,163,0,0,0,-45.0,12.25,18,93,1908.812
1909100,164,0,0,0,-45.0,12.0,18,93,1909.1
1909388,165,0,0,0,-47.0,11.5,18,93,1909.388
1909676,166,0,0,0,-47.0,10.75,18,93,1909.676
1909964,167,0,0,0,-46.0,12.0,18,93,1909.964
1910251,168,0,0,0,-59.0,7.5,18,93,1910.251
1910539,169,0,0,0,-58.0,11.25,18,93,1910.539
1910827,170,0,0,0,-44.0,11.75,18,93,1910.827
1911142,171,0,0,0,-42.0,11.75,18,93,1911.142
1911430,172,0,0,0,-44.0,11.5,18,93,1911.43
1911718,173,0,0,0,-46.0,11.75,18,100,1911.718
1912065,174,0,0,0,-50.0,10.75,18,100,1912.065
1912347,175,0,0,0,-42.0,11.5,18,100,1912.347
1912662,176,0,0,0,-49.0,11.0,18,100,1912.662
1912950,177,0,0,0,-46.0,11.25,18,100,1912.95
1913238,178,0,0,0,-52.0,11.25,18,100,1913.238
1913813,180,0,0,0,-54.0,11.0,18,100,1913.813
1914101,181,0,0,0,-46.0,11.25,18,100,1914.101
1914389,182,0,0,0,-47.0,11.0,18,100,1914.389
1914677,183,0,0,0,-44.0,11.75,18,100,1914.677
1914965,184,0,0,0,-60.0,5.5,18,100,1914.965
1915253,185,0,0,0,-42.0,11.75,18,100,1915.253
1915540,186,0,0,0,-44.0,10.75,18,100,1915.54
1915828,187,0,0,0,-47.0,11.0,18,100,1915.828
1916182,188,0,0,0,-54.0,11.75,18,100,1916.182
1916470,189,0,0,0,-45.0,12.0,18,93,1916.47
1916809,179,0,0,0,-44.0,11.25,18,93,1916.809
1917091,190,0,0,0,-45.0,11.0,18,93,1917.091
1917378,191,0,0,0,-49.0,9.75,18,93,1917.378
1917666,192,0,0,0,-46.0,11.25,18,93,1917.666
1917954,193,0,0,0,-50.0,11.0,18,93,1917.954
1918242,194,0,0,0,-43.0,12.0,18,93,1918.242
1918530,195,0,0,0,-49.0,11.5,18,93,1918.53
1918818,196,0,0,0,-45.0,11.0,18,93,1918.818
1919105,197,0,0,0,-47.0,12.25,18,93,1919.105
1919412,198,0,0,0,-38.0,12.0,18,93,1919.412
1919742,199,0,0,0,-40.0,11.5,18,93,1919.742
1920030,200,0,0,0,-46.0,11.5,18,93,1920.03
1920318,201,0,0,0,-48.0,11.75,18,93,1920.318
1946390,0,0,0,0,-50.0,10.5,18,100,1946.39
1946715,1,0,0,0,-41.0,12.0,18,100,1946.715
1946997,2,0,0,0,-39.0,10.5,18,100,1946.997
1947284,3,0,0,0,-43.0,12.0,18,100,1947.284
1947572,4,0,0,0,-50.0,11.75,18,100,1947.572
1947860,5,0,0,0,-42.0,13.5,18,100,1947.86
1948148,6,0,0,0,-46.0,12.75,18,100,1948.148
1948486,7,0,0,0,-44.0,12.75,18,100,1948.486
1948768,8,0,0,0,-48.0,11.0,18,100,1948.768
1949056,9,0,0,0,-43.0,11.25,18,100,1949.056
1949631,11,0,0,0,-58.0,10.5,18,100,1949.631
1949937,12,0,0,0,-55.0,11.25,18,100,1949.937
1950513,14,0,0,0,-47.0,13.0,18,75,1950.513
1950851,10,0,0,0,-47.0,10.5,18,75,1950.851
1951133,13,0,0,0,-52.0,12.25,18,75,1951.133
1951421,15,0,0,0,-46.0,11.75,18,75,1951.421
1951709,16,0,0,0,-48.0,12.25,18,75,1951.709
1951996,17,0,0,0,-45.0,13.0,18,75,1951.996
1952284,18,0,0,0,-43.0,12.0,18,75,1952.284
1952597,19,0,0,0,-50.0,12.75,18,100,1952.597
1952936,20,0,0,0,-62.0,8.75,18,100,1952.936
1953218,21,0,0,0,-45.0,12.0,18,100,1953.218
1953505,22,0,0,0,-44.0,11.25,18,100,1953.505
1953793,23,0,0,0,-46.0,9.5,18,100,1953.793
1954081,24,0,0,0,-54.0,11.75,18,100,1954.081
1954675,26,0,0,0,-44.0,12.5,18,100,1954.675
1954963,27,0,0,0,-43.0,11.0,18,100,1954.963
1955251,28,0,0,0,-60.0,10.75,18,100,1955.251
1955827,30,0,0,0,-58.0,8.25,18,100,1955.827
1956114,31,0,0,0,-45.0,10.25,18,100,1956.114
1956402,32,0,0,0,-42.0,12.75,18,100,1956.402
1956690,33,0,0,0,-43.0,10.0,18,85,1956.69
1957029,25,0,0,0,-53.0,9.5,18,85,1957.029
1957338,29,0,0,0,-43.0,12.75,18,85,1957.338
1957625,34,0,0,0,-56.0,11.75,18,85,1957.625
1957913,35,0,0,0,-44.0,12.25,18,85,1957.913
1958201,36,0,0,0,-46.0,10.25,18,85,1958.201
1958489,37,0,0,0,-47.0,12.0,18,85,1958.489
1958777,38,0,0,0,-43.0,11.25,18,85,1958.777
1959088,39,0,0,0,-40.0,12.0,18,85,1959.088
1959375,40,0,0,0,-56.0,11.0,18,85,1959.375
1959663,41,0,0,0,-43.0,12.25,18,85,1959.663
1959978,42,0,0,0,-44.0,12.75,18,85,1959.978
1960288,43,0,0,0,-46.0,12.25,18,85,1960.288
1960575,44,0,0,0,-55.0,9.5,18,85,1960.575
1960863,45,0,0,0,-46.0,12.0,18,85,1960.863
1961151,46,0,0,0,-53.0,11.5,18,85,1961.151
1961439,47,0,0,0,-51.0,11.25,18,100,1961.439
1961778,48,0,0,0,-49.0,12.5,18,100,1961.778
1962059,49,0,0,0,-52.0,12.25,18,100,1962.059
1962347,50,0,0,0,-47.0,12.25,18,100,1962.347
1962635,51,0,0,0,-46.0,12.0,18,100,1962.635
1962923,52,0,0,0,-43.0,10.25,18,100,1962.923
1963210,53,0,0,0,-38.0,12.75,18,100,1963.21
1963498,54,0,0,0,-46.0,12.75,18,100,1963.498
1963786,55,0,0,0,-52.0,9.25,18,100,1963.786
1964074,56,0,0,0,-42.0,12.0,18,100,1964.074
1964362,57,0,0,0,-44.0,11.5,18,100,1964.362
1964650,58,0,0,0,-45.0,12.5,18,100,1964.65
1964937,59,0,0,0,-53.0,10.75,18,100,1964.937
1965225,60,0,0,0,-46.0,9.75,18,100,1965.225
1965513,61,0,0,0,-52.0,11.25,18,100,1965.513
1966088,63,0,0,0,-46.0,12.0,18,93,1966.088
1966427,62,0,0,0,-44.0,12.25,18,93,1966.427
1966709,64,0,0,0,-50.0,12.5,18,93,1966.709
1966997,65,0,0,0,-47.0,11.25,18,93,1966.997
1967284,66,0,0,0,-39.0,10.5,18,93,1967.284
1967572,67,0,0,0,-44.0,12.0,18,93,1967.572
1967860,68,0,0,0,-44.0,11.25,18,93,1967.86
1968148,69,0,0,0,-42.0,11.75,18,93,1968.148
1968436,70,0,0,0,-44.0,11.75,18,93,1968.436
1968723,71,0,0,0,-56.0,7.5,18,93,1968.723
1969011,72,0,0,0,-44.0,11.75,18,93,1969.011
1969299,73,0,0,0,-51.0,11.25,18,93,1969.299
1969587,74,0,0,0,-41.0,12.5,18,93,1969.587
1969898,75,0,0,0,-49.0,11.75,18,93,1969.898
1970185,76,0,0,0,-41.0,11.25,18,93,1970.185
1970473,77,0,0,0,-44.0,11.25,18,93,1970.473
1970761,78,0,0,0,-47.0,12.25,18,100,1970.761
1971100,79,0,0,0,-43.0,12.75,18,100,1971.1
1971408,80,0,0,0,-47.0,11.25,18,100,1971.408
1971695,81,0,0,0,-45.0,12.0,18,100,1971.695
1971983,82,0,0,0,-45.0,10.75,18,100,1971.983
1972271,83,0,0,0,-47.0,10.75,18,100,1972.271
1972559,84,0,0,0,-46.0,11.0,18,100,1972.559
1972847,85,0,0,0,-51.0,10.5,18,100,1972.847
1973134,86,0,0,0,-41.0,11.75,18,100,1973.134
1973448,87,0,0,0,-45.0,11.75,18,100,1973.448
1973735,88,0,0,0,-44.0,12.25,18,100,1973.735
1974023,89,0,0,0,-48.0,12.5,18,100,1974.023
1974311,90,0,0,0,-51.0,12.0,18,100,1974.311
1974599,91,0,0,0,-42.0,12.25,18,100,1974.599
1974887,92,0,0,0,-52.0,9.5,18,100,1974.887
1975174,93,0,0,0,-53.0,10.75,18,100,1975.174
1975462,94,0,0,0,-42.0,11.75,18,100,1975.462
1975801,95,0,0,0,-44.0,12.0,18,100,1975.801
1976083,96,0,0,0,-41.0,11.5,18,100,1976.083
1976370,97,0,0,0,-43.0,11.5,18,100,1976.37
1976658,98,0,0,0,-41.0,12.5,18,100,1976.658
1976946,99,0,0,0,-44.0,11.5,18,100,1976.946
1977234,100,0,0,0,-44.0,11.0,18,100,1977.234
1977522,101,0,0,0,-47.0,11.25,18,100,1977.522
1977838,102,0,0,0,-46.0,11.25,18,100,1977.838
1978125,103,0,0,0,-55.0,12.0,18,100,1978.125
1978728,105,0,0,0,-42.0,13.0,18,100,1978.728
1979016,106,0,0,0,-53.0,11.0,18,100,1979.016
1979303,107,0,0,0,-54.0,11.75,18,100,1979.303
1979591,108,0,0,0,-45.0,12.0,18,100,1979.591
1979879,109,0,0,0,-50.0,11.0,18,100,1979.879
1980188,110,0,0,0,-45.0,11.25,18,93,1980.188
1980526,104,0,0,0,-51.0,10.0,18,93,1980.526
1980828,111,0,0,0,-45.0,12.0,18,93,1980.828
1981115,112,0,0,0,-49.0,11.0,18,93,1981.115
1981448,113,0,0,0,-40.0,11.75,18,93,1981.448
1981735,114,0,0,0,-41.0,11.75,18,93,1981.735
1982023,115,0,0,0,-50.0,11.0,18,93,1982.023
1982311,116,0,0,0,-43.0,12.0,18,93,1982.311
1982618,117,0,0,0,-56.0,10.0,18,93,1982.618
1982905,118,0,0,0,-49.0,11.75,18,93,1982.905
1983193,119,0,0,0,-46.0,11.25,18,93,1983.193
1983481,120,0,0,0,-42.0,12.25,18,93,1983.481
1983769,121,0,0,0,-50.0,11.25,18,93,1983.769
1984057,122,0,0,0,-41.0,12.75,18,93,1984.057
1984345,123,0,0,0,-42.0,11.5,18,93,1984.345
1984632,124,0,0,0,-44.0,10.75,18,93,1984.632
1984920,125,0,0,0,-49.0,11.5,18,100,1984.92
1985259,126,0,0,0,-42.0,11.75,18,100,1985.259
1985541,127,0,0,0,-43.0,11.75,18,100,1985.541
1985828,128,0,0,0,-40.0,11.25,18,100,1985.828
1986116,129,0,0,0,-42.0,12.0,18,100,1986.116
1986404,130,0,0,0,-44.0,12.0,18,100,1986.404
1986692,131,0,0,0,-46.0,11.25,18,100,1986.692
1986980,132,0,0,0,-44.0,11.5,18,100,1986.98
1987267,133,0,0,0,-42.0,12.0,18,100,1987.267
1987555,134,0,0,0,-52.0,9.75,18,100,1987.555
1987843,135,0,0,0,-43.0,12.0,18,100,1987.843
1988178,136,0,0,0,-50.0,9.0,18,100,1988.178
1988466,137,0,0,0,-44.0,11.25,18,100,1988.466
1988753,138,0,0,0,-48.0,12.0,18,100,1988.753
1989041,139,0,0,0,-50.0,11.0,18,100,1989.041
1989329,140,0,0,0,-48.0,12.25,18,100,1989.329
1989617,141,0,0,0,-50.0,11.75,18,100,1989.617
1989956,142,0,0,0,-58.0,8.0,18,100,1989.956
1990525,144,0,0,0,-50.0,11.75,18,100,1990.525
1990813,145,0,0,0,-46.0,11.75,18,100,1990.813
1991101,146,0,0,0,-50.0,10.75,18,100,1991.101
1991676,148,0,0,0,-44.0,11.75,18,100,1991.676
1991988,149,0,0,0,-44.0,11.75,18,100,1991.988
1992275,150,0,0,0,-47.0,11.0,18,100,1992.275
1992563,151,0,0,0,-49.0,8.75,18,100,1992.563
1992851,152,0,0,0,-42.0,10.75,18,100,1992.851
1993139,153,0,0,0,-42.0,12.25,18,100,1993.139
1993427,154,0,0,0,-47.0,11.5,18,100,1993.427
1993738,155,0,0,0,-48.0,12.25,18,100,1993.738
1994025,156,0,0,0,-46.0,11.25,18,100,1994.025
1994313,157,0,0,0,-60.0,10.5,18,87,1994.313
1994674,143,0,0,0,-49.0,11.75,18,87,1994.674
1995243,158,0,0,0,-60.0,7.25,18,87,1995.243
1995531,159,0,0,0,-47.0,12.0,18,87,1995.531
1995819,160,0,0,0,-48.0,11.75,18,87,1995.819
1996107,161,0,0,0,-47.0,11.25,18,87,1996.107
1996682,163,0,0,0,-58.0,6.25,18,87,1996.682
1996998,164,0,0,0,-59.0,10.0,18,87,1996.998
1997285,165,0,0,0,-56.0,10.75,18,87,1997.285
1997598,166,0,0,0,-42.0,10.75,18,87,1997.598
1997886,167,0,0,0,-46.0,10.5,18,87,1997.886
1998173,168,0,0,0,-48.0,11.75,18,87,1998.173
1998461,169,0,0,0,-60.0,5.25,18,87,1998.461
1998749,170,0,0,0,-43.0,11.5,18,87,1998.749
1999037,171,0,0,0,-43.0,11.5,18,87,1999.037
1999663,162,0,0,0,-52.0,9.75,18,87,1999.663
1999945,172,0,0,0,-48.0,10.75,18,87,1999.945
2000233,173,0,0,0,-48.0,11.5,18,87,2000.233
2000521,174,0,0,0,-41.0,11.5,18,87,2000.521
2000808,175,0,0,0,-42.0,11.5,18,87,2000.808
2001096,176,0,0,0,-46.0,11.75,18,87,2001.096
2001384,177,0,0,0,-44.0,10.75,18,87,2001.384
2001698,178,0,0,0,-48.0,11.25,18,87,2001.698
2001985,179,0,0,0,-44.0,11.25,18,87,2001.985
2002273,180,0,0,0,-50.0,11.5,18,87,2002.273
2002561,181,0,0,0,-50.0,12.0,18,87,2002.561
2002849,182,0,0,0,-55.0,8.25,18,87,2002.849
2003137,183,0,0,0,-45.0,11.25,18,87,2003.137
2003713,185,0,0,0,-41.0,11.5,18,87,2003.713
2004051,147,0,0,0,-45.0,11.25,18,87,2004.051
2004418,184,0,0,0,-44.0,11.25,18,87,2004.418
2004748,186,0,0,0,-45.0,11.5,18,87,2004.748
2005035,187,0,0,0,-44.0,11.5,18,87,2005.035
2005323,188,0,0,0,-42.0,11.25,18,87,2005.323
2005611,189,0,0,0,-43.0,12.0,18,87,2005.611
2005899,190,0,0,0,-43.0,11.0,18,87,2005.899
2006187,191,0,0,0,-42.0,11.0,18,87,2006.187
2006474,192,0,0,0,-45.0,12.0,18,87,2006.474
2006762,193,0,0,0,-39.0,11.25,18,87,2006.762
2007050,194,0,0,0,-48.0,11.75,18,87,2007.05
2007338,195,0,0,0,-42.0,11.0,18,87,2007.338
2007626,196,0,0,0,-45.0,11.75,18,87,2007.626
2007938,197,0,0,0,-43.0,11.5,18,87,2007.938
2008225,198,0,0,0,-44.0,11.5,18,87,2008.225
2008513,199,0,0,0,-45.0,12.0,18,100,2008.513
2008874,200,0,0,0,-41.0,10.75,18,100,2008.874
2009155,201,0,0,0,-51.0,12.5,18,100,2009.155
2009443,202,0,0,0,-42.0,11.75,18,100,2009.443
2010019,204,0,0,0,-44.0,11.5,18,100,2010.019
2010882,207,0,0,0,-53.0,10.75,18,100,2010.882
2011458,209,0,0,0,-47.0,9.75,18,100,2011.458
2012056,211,0,0,0,-47.0,11.0,18,100,2012.056
2012343,212,0,0,0,-45.0,10.75,18,100,2012.343
2012631,213,0,0,0,-49.0,10.75,18,100,2012.631
2013207,215,0,0,0,-45.0,10.75,18,62,2013.207
2013545,203,0,0,0,-54.0,10.25,18,62,2013.545
2013827,205,0,0,0,-55.0,11.0,18,62,2013.827
2014115,206,0,0,0,-51.0,12.0,18,62,2014.115
2014403,208,0,0,0,-50.0,11.75,18,62,2014.403
2014690,210,0,0,0,-46.0,10.75,18,62,2014.69
2014978,214,0,0,0,-53.0,10.0,18,62,2014.978
2015266,216,0,0,0,-42.0,11.5,18,62,2015.266
2015554,217,0,0,0,-48.0,10.75,18,62,2015.554
2015842,218,0,0,0,-44.0,10.75,18,62,2015.842
2016130,219,0,0,0,-52.0,10.0,18,62,2016.13
2016438,220,0,0,0,-53.0,10.0,18,62,2016.438
2016768,221,0,0,0,-54.0,8.75,18,62,2016.768
2017078,222,0,0,0,-43.0,10.75,18,62,2017.078
2017366,223,0,0,0,-41.0,11.0,18,62,2017.366
2017653,224,0,0,0,-43.0,11.75,18,62,2017.653
2017941,225,0,0,0,-47.0,10.75,18,100,2017.941
2018304,226,0,0,0,-47.0,10.75,18,100,2018.304
2018586,227,0,0,0,-44.0,11.25,18,100,2018.586
2018873,228,0,0,0,-47.0,12.0,18,100,2018.873
2019161,229,0,0,0,-63.0,3.5,18,100,2019.161
2019737,231,0,0,0,-52.0,11.25,18,100,2019.737
2020024,232,0,0,0,-49.0,11.25,18,100,2020.024
2020312,233,0,0,0,-52.0,10.25,18,100,2020.312
2020628,234,0,0,0,-51.0,10.75,18,100,2020.628
2020915,235,0,0,0,-44.0,10.5,18,100,2020.915
2021228,236,0,0,0,-43.0,11.5,18,100,2021.228
2021515,237,0,0,0,-50.0,11.25,18,100,2021.515
2022115,239,0,0,0,-55.0,9.75,18,100,2022.115
2022691,241,0,0,0,-44.0,12.0,18,81,2022.691
2023030,230,0,0,0,-49.0,10.0,18,81,2023.03
2023599,240,0,0,0,-51.0,9.75,18,81,2023.599
2023887,242,0,0,0,-54.0,9.0,18,81,2023.887
2024175,243,0,0,0,-42.0,11.25,18,81,2024.175
2024750,245,0,0,0,-47.0,10.25,18,81,2024.75
2025038,246,0,0,0,-49.0,11.0,18,81,2025.038
2025326,247,0,0,0,-47.0,11.0,18,81,2025.326
2025614,248,0,0,0,-60.0,9.5,18,81,2025.614
2025902,249,0,0,0,-59.0,11.0,18,81,2025.902
2026477,251,0,0,0,-55.0,11.5,18,81,2026.477
2026765,252,0,0,0,-49.0,12.25,18,81,2026.765
2027053,253,0,0,0,-61.0,9.25,18,81,2027.053
2027368,254,0,0,0,-49.0,11.5,18,81,2027.368
2027706,238,0,0,0,-46.0,10.5,18,81,2027.706
2027988,244,0,0,0,-57.0,7.75,18,81,2027.988
2028276,250,0,0,0,-45.0,11.75,18,81,2028.276
2028564,255,0,0,0,-51.0,10.75,18,81,2028.564
2028851,256,0,0,0,-51.0,11.0,18,81,2028.851
2029139,257,0,0,0,-50.0,11.75,18,81,2029.139
2029427,258,0,0,0,-47.0,11.5,18,81,2029.427
2029715,259,0,0,0,-61.0,5.0,18,81,2029.715
2030028,260,0,0,0,-51.0,10.0,18,81,2030.028
2030315,261,0,0,0,-50.0,10.75,18,81,2030.315
2030603,262,0,0,0,-42.0,11.5,18,81,2030.603
2030891,263,0,0,0,-44.0,11.75,18,81,2030.891
2031179,264,0,0,0,-39.0,10.75,18,81,2031.179
2031467,265,0,0,0,-42.0,11.0,18,81,2031.467
2031778,266,0,0,0,-45.0,11.25,18,81,2031.778
2032066,267,0,0,0,-46.0,10.5,18,100,2032.066
2032404,268,0,0,0,-47.0,11.75,18,100,2032.404
2032728,269,0,0,0,-53.0,11.5,18,100,2032.728
2033015,270,0,0,0,-47.0,10.75,18,100,2033.015
2033303,271,0,0,0,-56.0,10.25,18,100,2033.303
2033879,273,0,0,0,-43.0,11.25,18,100,2033.879
2034167,274,0,0,0,-53.0,10.75,18,100,2034.167
2034742,276,0,0,0,-47.0,11.75,18,100,2034.742
2035030,277,0,0,0,-62.0,10.5,18,100,2035.03
2035318,278,0,0,0,-45.0,12.25,18,100,2035.318
2035606,279,0,0,0,-48.0,11.25,18,100,2035.606
2036181,281,0,0,0,-49.0,12.0,18,100,2036.181
2036469,282,0,0,0,-50.0,11.5,18,100,2036.469
2037889,283,0,0,0,-41.0,11.0,18,81,2037.889
2038227,272,0,0,0,-43.0,11.25,18,81,2038.227
2038509,275,0,0,0,-44.0,11.25,18,81,2038.509
2038797,280,0,0,0,-55.0,10.5,18,81,2038.797
2039085,284,0,0,0,-48.0,10.75,18,81,2039.085
2039398,285,0,0,0,-49.0,9.75,18,81,2039.398
2039685,286,0,0,0,-45.0,10.5,18,81,2039.685
2039973,287,0,0,0,-42.0,11.0,18,81,2039.973
2040261,288,0,0,0,-49.0,11.25,18,81,2040.261
2040549,289,0,0,0,-44.0,11.25,18,81,2040.549
2040858,290,0,0,0,-46.0,11.0,18,81,2040.858
2041146,291,0,0,0,-42.0,11.5,18,81,2041.146
2041433,292,0,0,0,-38.0,12.0,18,81,2041.433
2041721,293,0,0,0,-39.0,11.25,18,81,2041.721
2042009,294,0,0,0,-39.0,10.5,18,81,2042.009
2042297,295,0,0,0,-43.0,10.75,18,81,2042.297
2042584,296,0,0,0,-50.0,11.0,18,100,2042.584
2042923,297,0,0,0,-42.0,11.0,18,100,2042.923
2043205,298,0,0,0,-45.0,11.0,18,100,2043.205
2043558,299,0,0,0,-49.0,10.25,18,100,2043.558
2043845,300,0,0,0,-48.0,10.25,18,100,2043.845
2044178,301,0,0,0,-51.0,11.25,18,100,2044.178
2044753,303,0,0,0,-52.0,9.5,18,100,2044.753
2045348,305,0,0,0,-39.0,12.0,18,100,2045.348
2045658,306,0,0,0,-49.0,11.5,18,100,2045.658
2045945,307,0,0,0,-59.0,7.25,18,100,2045.945
2046233,308,0,0,0,-50.0,10.0,18,100,2046.233
2046521,309,0,0,0,-43.0,11.25,18,100,2046.521
2046809,310,0,0,0,-47.0,11.75,18,100,2046.809
2047097,311,0,0,0,-46.0,11.75,18,100,2047.097
2047385,312,0,0,0,-47.0,11.25,18,87,2047.385
2048011,304,0,0,0,-48.0,9.5,18,87,2048.011
2048293,313,0,0,0,-58.0,8.25,18,87,2048.293
2048581,314,0,0,0,-51.0,11.5,18,87,2048.581
2048868,315,0,0,0,-49.0,10.75,18,87,2048.868
2049444,317,0,0,0,-48.0,11.75,18,87,2049.444
2049732,318,0,0,0,-45.0,11.0,18,87,2049.732
2050020,319,0,0,0,-41.0,11.5,18,87,2050.02
2050307,320,0,0,0,-42.0,12.25,18,87,2050.307
2050595,321,0,0,0,-46.0,10.5,18,87,2050.595
2050883,322,0,0,0,-44.0,12.0,18,87,2050.883
2051171,323,0,0,0,-49.0,11.5,18,87,2051.171
2051459,324,0,0,0,-48.0,12.0,18,87,2051.459
2051747,325,0,0,0,-46.0,11.0,18,87,2051.747
2052035,326,0,0,0,-54.0,10.0,18,87,2052.035
2052373,302,0,0,0,-46.0,11.0,18,87,2052.373
2052655,316,0,0,0,-49.0,11.25,18,87,2052.655
2052943,327,0,0,0,-42.0,11.75,18,87,2052.943
2053231,328,0,0,0,-42.0,11.5,18,87,2053.231
2053518,329,0,0,0,-44.0,10.75,18,87,2053.518
2053806,330,0,0,0,-46.0,11.25,18,87,2053.806
2054094,331,0,0,0,-44.0,10.75,18,87,2054.094
2054382,332,0,0,0,-43.0,10.75,18,87,2054.382
2054670,333,0,0,0,-45.0,11.75,18,87,2054.67
2054957,334,0,0,0,-52.0,10.75,18,87,2054.957
2055245,335,0,0,0,-50.0,11.75,18,87,2055.245
2055533,336,0,0,0,-46.0,11.5,18,87,2055.533
2055821,337,0,0,0,-47.0,10.75,18,87,2055.821
2056109,338,0,0,0,-49.0,11.75,18,87,2056.109
2056396,339,0,0,0,-43.0,11.5,18,87,2056.396
2056684,340,0,0,0,-44.0,11.5,18,100,2056.684
2057035,341,0,0,0,-41.0,12.0,18,100,2057.035
2057317,342,0,0,0,-41.0,10.75,18,100,2057.317
2057605,343,0,0,0,-48.0,11.0,18,100,2057.605
2057918,344,0,0,0,-55.0,11.25,18,100,2057.918
2058205,345,0,0,0,-52.0,9.0,18,100,2058.205
2058493,346,0,0,0,-49.0,11.5,18,100,2058.493
2058781,347,0,0,0,-49.0,12.0,18,100,2058.781
2059069,348,0,0,0,-44.0,10.5,18,100,2059.069
2059357,349,0,0,0,-46.0,11.0,18,100,2059.357
2059728,350,0,0,0,-41.0,11.0,18,100,2059.728
2060015,351,0,0,0,-44.0,11.75,18,100,2060.015
2060303,352,0,0,0,-46.0,10.5,18,100,2060.303
2060591,353,0,0,0,-46.0,10.25,18,100,2060.591
2061167,355,0,0,0,-40.0,10.75,18,100,2061.167
2061455,356,0,0,0,-41.0,11.25,18,93,2061.455
2061793,354,0,0,0,-59.0,10.25,18,93,2061.793
2062075,357,0,0,0,-58.0,12.5,18,93,2062.075
2062363,358,0,0,0,-48.0,10.5,18,93,2062.363
2062650,359,0,0,0,-41.0,11.0,18,93,2062.65
2062938,360,0,0,0,-46.0,10.0,18,93,2062.938
2063226,361,0,0,0,-43.0,12.0,18,93,2063.226
2063514,362,0,0,0,-40.0,11.25,18,93,2063.514
2063802,363,0,0,0,-42.0,11.25,18,93,2063.802
2064089,364,0,0,0,-53.0,9.5,18,93,2064.089
2064418,365,0,0,0,-52.0,11.25,18,93,2064.418
2064705,366,0,0,0,-46.0,11.0,18,93,2064.705
2064993,367,0,0,0,-49.0,11.75,18,93,2064.993
2065281,368,0,0,0,-51.0,11.25,18,93,2065.281
2065569,369,0,0,0,-44.0,10.75,18,93,2065.569
2065857,370,0,0,0,-43.0,10.75,18,93,2065.857
2066168,371,0,0,0,-54.0,10.5,18,100,2066.168
2066534,372,0,0,0,-40.0,11.5,18,100,2066.534
2066838,373,0,0,0,-41.0,11.25,18,100,2066.838
2067125,374,0,0,0,-43.0,11.75,18,100,2067.125
2067413,375,0,0,0,-45.0,11.5,18,100,2067.413
2067701,376,0,0,0,-43.0,11.25,18,100,2067.701
2067989,377,0,0,0,-42.0,12.0,18,100,2067.989
2068277,378,0,0,0,-60.0,10.5,18,100,2068.277
2068564,379,0,0,0,-42.0,11.25,18,100,2068.564
2068852,380,0,0,0,-47.0,11.25,18,100,2068.852
2069140,381,0,0,0,-41.0,11.0,18,100,2069.14
2069428,382,0,0,0,-48.0,11.75,18,100,2069.428
2069716,383,0,0,0,-44.0,11.5,18,100,2069.716
2070003,384,0,0,0,-38.0,11.25,18,100,2070.003
2070318,385,0,0,0,-40.0,12.25,18,100,2070.318
2070606,386,0,0,0,-44.0,10.75,18,100,2070.606
2070893,387,0,0,0,-45.0,11.0,18,100,2070.893
2071232,388,0,0,0,-61.0,7.5,18,100,2071.232
2071514,389,0,0,0,-53.0,11.75,18,100,2071.514
2071802,390,0,0,0,-57.0,10.5,18,100,2071.802
2072089,391,0,0,0,-44.0,11.25,18,100,2072.089
2072377,392,0,0,0,-45.0,11.25,18,100,2072.377
2072665,393,0,0,0,-54.0,11.5,18,100,2072.665
2072953,394,0,0,0,-41.0,11.25,18,100,2072.953
2073241,395,0,0,0,-40.0,11.75,18,100,2073.241
2073548,396,0,0,0,-49.0,9.0,18,100,2073.548
2073835,397,0,0,0,-41.0,11.5,18,100,2073.835
2074123,398,0,0,0,-39.0,11.5,18,100,2074.123
2074411,399,0,0,0,-39.0,11.75,18,100,2074.411
2074699,400,0,0,0,-41.0,11.0,18,100,2074.699
2075275,402,0,0,0,-42.0,11.75,18,100,2075.275
2075562,403,0,0,0,-47.0,11.0,18,93,2075.562
2075924,401,0,0,0,-49.0,11.0,18,93,2075.924
2076205,404,0,0,0,-46.0,11.25,18,93,2076.205
2076493,405,0,0,0,-45.0,13.5,18,93,2076.493
2076781,406,0,0,0,-43.0,10.75,18,93,2076.781
2077069,407,0,0,0,-42.0,11.5,18,93,2077.069
2077357,408,0,0,0,-35.0,13.25,18,93,2077.357
2077644,409,0,0,0,-38.0,11.5,18,93,2077.644
2077932,410,0,0,0,-40.0,12.0,18,93,2077.932
2078220,411,0,0,0,-40.0,12.0,18,93,2078.22
2078508,412,0,0,0,-41.0,11.0,18,93,2078.508
2078796,413,0,0,0,-46.0,11.75,18,93,2078.796
2079083,414,0,0,0,-40.0,11.5,18,93,2079.083
2079371,415,0,0,0,-38.0,11.0,18,93,2079.371
2079659,416,0,0,0,-44.0,11.75,18,93,2079.659
2079947,417,0,0,0,-39.0,11.5,18,93,2079.947
2080235,418,0,0,0,-50.0,11.25,18,100,2080.235
2080573,419,0,0,0,-47.0,9.75,18,100,2080.573
2080878,420,0,0,0,-39.0,12.0,18,100,2080.878
2081166,421,0,0,0,-37.0,11.25,18,100,2081.166
2081453,422,0,0,0,-34.0,11.5,18,100,2081.453
2081741,423,0,0,0,-34.0,11.5,18,100,2081.741
2082029,424,0,0,0,-34.0,12.0,18,100,2082.029
2082317,425,0,0,0,-39.0,11.75,18,100,2082.317
2082605,426,0,0,0,-45.0,12.5,18,100,2082.605
2082892,427,0,0,0,-43.0,11.75,18,100,2082.892
2083180,428,0,0,0,-36.0,11.25,18,100,2083.18
2083468,429,0,0,0,-39.0,11.25,18,100,2083.468
2083756,430,0,0,0,-39.0,11.5,18,100,2083.756
2084044,431,0,0,0,-39.0,11.25,18,100,2084.044
2084378,432,0,0,0,-41.0,10.5,18,100,2084.378
2084665,433,0,0,0,-41.0,10.5,18,100,2084.665
2084953,434,0,0,0,-37.0,11.0,18,100,2084.953
2085292,435,0,0,0,-38.0,11.0,18,100,2085.292
2085574,436,0,0,0,-49.0,11.5,18,100,2085.574
2085862,437,0,0,0,-44.0,11.25,18,100,2085.862
2086149,438,0,0,0,-44.0,11.25,18,100,2086.149
2086437,439,0,0,0,-47.0,10.5,18,100,2086.437
2086725,440,0,0,0,-49.0,10.75,18,100,2086.725
2087013,441,0,0,0,-46.0,11.0,18,100,2087.013
2087301,442,0,0,0,-36.0,11.75,18,100,2087.301
2087588,443,0,0,0,-37.0,11.25,18,100,2087.588
2087876,444,0,0,0,-39.0,11.75,18,100,2087.876
2088164,445,0,0,0,-44.0,11.5,18,100,2088.164
2088452,446,0,0,0,-40.0,11.5,18,100,2088.452
2088740,447,0,0,0,-41.0,11.5,18,100,2088.74
2089027,448,0,0,0,-39.0,11.25,18,100,2089.027
2089315,449,0,0,0,-37.0,11.25,18,100,2089.315
2089628,450,0,0,0,-34.0,11.25,18,100,2089.628
2089967,451,0,0,0,-43.0,11.25,18,100,2089.967
2090248,452,0,0,0,-43.0,10.75,18,100,2090.248
2090536,453,0,0,0,-37.0,10.75,18,100,2090.536
2090824,454,0,0,0,-36.0,11.75,18,100,2090.824
2091112,455,0,0,0,-35.0,12.25,18,100,2091.112
2091428,456,0,0,0,-35.0,11.0,18,100,2091.428
2091715,457,0,0,0,-36.0,11.0,18,100,2091.715
2092003,458,0,0,0,-36.0,12.0,18,100,2092.003
2092291,459,0,0,0,-40.0,10.75,18,100,2092.291
2092579,460,0,0,0,-35.0,11.0,18,100,2092.579
2092867,461,0,0,0,-31.0,10.75,18,100,2092.867
2093154,462,0,0,0,-36.0,11.75,18,100,2093.154
2093468,463,0,0,0,-37.0,11.25,18,100,2093.468
2093756,464,0,0,0,-50.0,11.0,18,100,2093.756
2094043,465,0,0,0,-43.0,10.5,18,100,2094.043
2094358,466,0,0,0,-41.0,10.75,18,100,2094.358
2094696,467,0,0,0,-38.0,11.5,18,100,2094.696
2094978,468,0,0,0,-39.0,11.75,18,100,2094.978
2095266,469,0,0,0,-42.0,11.0,18,100,2095.266
2095554,470,0,0,0,-39.0,11.5,18,100,2095.554
2095842,471,0,0,0,-41.0,10.5,18,100,2095.842
2096129,472,0,0,0,-39.0,11.5,18,100,2096.129
2096478,473,0,0,0,-48.0,9.75,18,100,2096.478
2096765,474,0,0,0,-49.0,10.75,18,100,2096.765
2097655,477,0,0,0,-35.0,10.75,18,100,2097.655
2097943,478,0,0,0,-35.0,11.5,18,100,2097.943
2098231,479,0,0,0,-38.0,11.0,18,100,2098.231
2098519,480,0,0,0,-49.0,10.75,18,100,2098.519
2099095,482,0,0,0,-42.0,11.5,18,81,2099.095
2099433,475,0,0,0,-39.0,11.5,18,81,2099.433
2099715,476,0,0,0,-41.0,11.5,18,81,2099.715
2100003,481,0,0,0,-38.0,11.5,18,81,2100.003
2100318,483,0,0,0,-53.0,10.5,18,81,2100.318
2100605,484,0,0,0,-37.0,11.75,18,81,2100.605
2100893,485,0,0,0,-35.0,11.0,18,81,2100.893
2101181,486,0,0,0,-42.0,11.0,18,81,2101.181
2101469,487,0,0,0,-46.0,10.75,18,81,2101.469
2101757,488,0,0,0,-41.0,11.25,18,81,2101.757
2102332,490,0,0,0,-38.0,11.25,18,81,2102.332
2102620,491,0,0,0,-44.0,11.25,18,81,2102.62
2102928,492,0,0,0,-38.0,11.25,18,81,2102.928
2103216,493,0,0,0,-38.0,10.75,18,81,2103.216
2103503,494,0,0,0,-40.0,11.75,18,81,2103.503
2103818,495,0,0,0,-42.0,11.5,18,93,2103.818
2104156,489,0,0,0,-36.0,10.75,18,93,2104.156
2104438,496,0,0,0,-36.0,11.5,18,93,2104.438
2104726,497,0,0,0,-40.0,11.75,18,93,2104.726
2105014,498,0,0,0,-41.0,11.25,18,93,2105.014
2105301,499,0,0,0,-37.0,11.5,18,93,2105.301
2105618,500,0,0,0,-38.0,10.75,18,93,2105.618
2105905,501,0,0,0,-39.0,11.5,18,93,2105.905
2106193,502,0,0,0,-39.0,10.75,18,93,2106.193
2106481,503,0,0,0,-33.0,11.5,18,93,2106.481
2106769,504,0,0,0,-35.0,11.25,18,93,2106.769
2107057,505,0,0,0,-47.0,11.0,18,93,2107.057
2107345,506,0,0,0,-39.0,11.5,18,93,2107.345
2107632,507,0,0,0,-47.0,11.0,18,93,2107.632
2107920,508,0,0,0,-35.0,11.0,18,93,2107.92
2108208,509,0,0,0,-37.0,11.25,18,93,2108.208
2108496,510,0,0,0,-35.0,11.25,18,100,2108.496
2108835,511,0,0,0,-34.0,11.5,18,100,2108.835
2109116,512,0,0,0,-31.0,11.5,18,100,2109.116
2109404,513,0,0,0,-31.0,11.5,18,100,2109.404
2109692,514,0,0,0,-36.0,11.25,18,100,2109.692
2109980,515,0,0,0,-32.0,11.5,18,100,2109.98
2110268,516,0,0,0,-39.0,11.25,18,100,2110.268
2110555,517,0,0,0,-41.0,11.25,18,100,2110.555
2110843,518,0,0,0,-39.0,11.5,18,100,2110.843
2111158,519,0,0,0,-39.0,11.75,18,100,2111.158
2111445,520,0,0,0,-48.0,11.75,18,100,2111.445
2112021,522,0,0,0,-43.0,12.0,18,100,2112.021
2112309,523,0,0,0,-43.0,12.5,18,100,2112.309
2112597,524,0,0,0,-50.0,11.0,18,100,2112.597
2113172,526,0,0,0,-34.0,10.75,18,87,2113.172
2113511,521,0,0,0,-38.0,11.75,18,87,2113.511
2114128,527,0,0,0,-42.0,11.0,18,87,2114.128
2114703,529,0,0,0,-42.0,11.25,18,87,2114.703
2114991,530,0,0,0,-52.0,10.5,18,87,2114.991
2115279,531,0,0,0,-39.0,11.5,18,87,2115.279
2115608,532,0,0,0,-49.0,11.0,18,87,2115.608
2115895,533,0,0,0,-43.0,11.5,18,87,2115.895
2116183,534,0,0,0,-39.0,11.5,18,87,2116.183
2116498,535,0,0,0,-38.0,13.25,18,87,2116.498
2116786,536,0,0,0,-36.0,11.0,18,87,2116.786
2117073,537,0,0,0,-39.0,11.0,18,87,2117.073
2117361,538,0,0,0,-41.0,11.5,18,87,2117.361
2117649,539,0,0,0,-41.0,11.0,18,87,2117.649
2117937,540,0,0,0,-35.0,11.5,18,87,2117.937
2118275,525,0,0,0,-41.0,11.75,18,87,2118.275
2118557,528,0,0,0,-46.0,10.75,18,87,2118.557
2118845,541,0,0,0,-35.0,10.75,18,87,2118.845
2119133,542,0,0,0,-37.0,11.0,18,87,2119.133
2119420,543,0,0,0,-38.0,10.5,18,87,2119.42
2119708,544,0,0,0,-39.0,11.25,18,87,2119.708
2119996,545,0,0,0,-34.0,11.5,18,87,2119.996
2120284,546,0,0,0,-31.0,11.25,18,87,2120.284
2120572,547,0,0,0,-30.0,11.0,18,87,2120.572
2120860,548,0,0,0,-34.0,11.5,18,87,2120.86
2121147,549,0,0,0,-30.0,11.75,18,87,2121.147
2121435,550,0,0,0,-32.0,11.5,18,87,2121.435
2121723,551,0,0,0,-36.0,11.25,18,87,2121.723
2122011,552,0,0,0,-36.0,11.25,18,87,2122.011
2122299,553,0,0,0,-33.0,11.25,18,87,2122.299
2122586,554,0,0,0,-40.0,11.75,18,100,2122.586
2122925,555,0,0,0,-43.0,11.5,18,100,2122.925
2123207,556,0,0,0,-42.0,10.75,18,100,2123.207
2123495,557,0,0,0,-34.0,11.25,18,100,2123.495
2123782,558,0,0,0,-35.0,11.5,18,100,2123.782
2124070,559,0,0,0,-31.0,11.5,18,100,2124.07
2124358,560,0,0,0,-29.0,11.5,18,100,2124.358
2124646,561,0,0,0,-26.0,11.5,18,100,2124.646
2124934,562,0,0,0,-29.0,11.5,18,100,2124.934
2125248,563,0,0,0,-32.0,11.0,18,100,2125.248
2125535,564,0,0,0,-42.0,11.5,18,100,2125.535
2125888,565,0,0,0,-35.0,11.0,18,100,2125.888
2126176,566,0,0,0,-37.0,11.0,18,100,2126.176
2126463,567,0,0,0,-38.0,11.25,18,100,2126.463
2126778,568,0,0,0,-36.0,11.0,18,100,2126.778
2127066,569,0,0,0,-34.0,11.75,18,100,2127.066
2127353,570,0,0,0,-33.0,11.25,18,100,2127.353
2127692,571,0,0,0,-34.0,11.5,18,100,2127.692
2127974,572,0,0,0,-37.0,11.75,18,100,2127.974
2128262,573,0,0,0,-41.0,10.75,18,100,2128.262
2128598,574,0,0,0,-30.0,11.0,18,100,2128.598
2128908,575,0,0,0,-35.0,10.75,18,100,2128.908
2129195,576,0,0,0,-38.0,11.0,18,100,2129.195
2129483,577,0,0,0,-40.0,11.25,18,100,2129.483
2130059,579,0,0,0,-34.0,11.75,18,100,2130.059
2130347,580,0,0,0,-33.0,12.0,18,100,2130.347
2130634,581,0,0,0,-55.0,9.75,18,100,2130.634
2130922,582,0,0,0,-38.0,11.5,18,100,2130.922
2131210,583,0,0,0,-33.0,11.25,18,100,2131.21
2131498,584,0,0,0,-38.0,12.0,18,100,2131.498
2131786,585,0,0,0,-52.0,10.0,18,100,2131.786
2132074,586,0,0,0,-36.0,11.5,18,93,2132.074
2132412,578,0,0,0,-30.0,11.0,18,93,2132.412
2132694,587,0,0,0,-37.0,11.25,18,93,2132.694
2132982,588,0,0,0,-43.0,11.5,18,93,2132.982
2133270,589,0,0,0,-37.0,10.75,18,93,2133.27
2133557,590,0,0,0,-43.0,11.0,18,93,2133.557
2133845,591,0,0,0,-51.0,11.25,18,93,2133.845
2134133,592,0,0,0,-45.0,11.0,18,93,2134.133
2134709,594,0,0,0,-32.0,11.75,18,93,2134.709
2134996,595,0,0,0,-37.0,11.75,18,93,2134.996
2135572,597,0,0,0,-35.0,10.75,18,93,2135.572
2135860,598,0,0,0,-34.0,12.25,18,93,2135.86
2136148,599,0,0,0,-43.0,11.25,18,93,2136.148
2136435,600,0,0,0,-36.0,11.5,18,93,2136.435
2136723,601,0,0,0,-34.0,11.25,18,87,2136.723
2137062,593,0,0,0,-36.0,11.25,18,87,2137.062
2137344,596,0,0,0,-35.0,10.75,18,87,2137.344
2137658,602,0,0,0,-30.0,11.25,18,87,2137.658
2137945,603,0,0,0,-29.0,11.5,18,87,2137.945
2138233,604,0,0,0,-30.0,11.0,18,87,2138.233
2138521,605,0,0,0,-29.0,11.5,18,87,2138.521
2138809,606,0,0,0,-28.0,11.25,18,87,2138.809
2139097,607,0,0,0,-27.0,11.0,18,87,2139.097
2139384,608,0,0,0,-29.0,11.25,18,87,2139.384
2139672,609,0,0,0,-31.0,11.25,18,87,2139.672
2139960,610,0,0,0,-26.0,10.75,18,87,2139.96
2140248,611,0,0,0,-28.0,11.25,18,87,2140.248
2140536,612,0,0,0,-31.0,11.5,18,87,2140.536
2140824,613,0,0,0,-39.0,11.5,18,87,2140.824
2141138,614,0,0,0,-35.0,10.5,18,87,2141.138
2141425,615,0,0,0,-35.0,11.0,18,100,2141.425
2141764,616,0,0,0,-41.0,11.75,18,100,2141.764
2142068,617,0,0,0,-42.0,11.25,18,100,2142.068
2142355,618,0,0,0,-45.0,11.25,18,100,2142.355
2142643,619,0,0,0,-35.0,11.0,18,100,2142.643
2142931,620,0,0,0,-35.0,11.25,18,100,2142.931
2143219,621,0,0,0,-30.0,10.75,18,100,2143.219
2143507,622,0,0,0,-30.0,11.5,18,100,2143.507
2143794,623,0,0,0,-26.0,11.5,18,100,2143.794
2144082,624,0,0,0,-28.0,11.75,18,100,2144.082
2144398,625,0,0,0,-25.0,11.75,18,100,2144.398
2144685,626,0,0,0,-28.0,11.5,18,100,2144.685
2144973,627,0,0,0,-30.0,11.75,18,100,2144.973
2145261,628,0,0,0,-31.0,11.0,18,100,2145.261
2145549,629,0,0,0,-32.0,11.75,18,100,2145.549
2145837,630,0,0,0,-30.0,10.75,18,100,2145.837
2146125,631,0,0,0,-39.0,10.5,18,100,2146.125
2146463,632,0,0,0,-39.0,10.5,18,100,2146.463
2146788,633,0,0,0,-36.0,10.75,18,100,2146.788
2147098,634,0,0,0,-36.0,13.5,18,100,2147.098
2147385,635,0,0,0,-38.0,11.0,18,100,2147.385
2147673,636,0,0,0,-35.0,11.0,18,100,2147.673
2147961,637,0,0,0,-31.0,11.75,18,100,2147.961
2148268,638,0,0,0,-37.0,11.75,18,100,2148.268
2148555,639,0,0,0,-34.0,11.75,18,100,2148.555
2148843,640,0,0,0,-40.0,11.5,18,100,2148.843
2149131,641,0,0,0,-34.0,11.25,18,100,2149.131
2149419,642,0,0,0,-40.0,12.0,18,100,2149.419
2149728,643,0,0,0,-41.0,11.25,18,100,2149.728
2150016,644,0,0,0,-33.0,11.0,18,100,2150.016
2150303,645,0,0,0,-32.0,11.25,18,100,2150.303
2150591,646,0,0,0,-31.0,11.25,18,100,2150.591
2150879,647,0,0,0,-32.0,10.75,18,100,2150.879
2151218,648,0,0,0,-35.0,11.25,18,100,2151.218
2151568,649,0,0,0,-36.0,11.0,18,100,2151.568
2151855,650,0,0,0,-40.0,11.0,18,100,2151.855
2152143,651,0,0,0,-37.0,11.0,18,100,2152.143
2152431,652,0,0,0,-46.0,10.75,18,100,2152.431
2152719,653,0,0,0,-46.0,11.25,18,100,2152.719
2153007,654,0,0,0,-34.0,11.25,18,100,2153.007
2153294,655,0,0,0,-35.0,12.0,18,100,2153.294
2153582,656,0,0,0,-51.0,11.25,18,100,2153.582
2153870,657,0,0,0,-43.0,11.5,18,100,2153.87
2154158,658,0,0,0,-39.0,11.5,18,100,2154.158
2154446,659,0,0,0,-39.0,10.75,18,100,2154.446
2154734,660,0,0,0,-45.0,11.5,18,100,2154.734
2155021,661,0,0,0,-40.0,11.75,18,100,2155.021
2155309,662,0,0,0,-36.0,11.75,18,100,2155.309
2155597,663,0,0,0,-40.0,12.0,18,100,2155.597
2155936,664,0,0,0,-34.0,12.0,18,100,2155.936
2156217,665,0,0,0,-40.0,11.25,18,100,2156.217
2156505,666,0,0,0,-45.0,11.5,18,100,2156.505
2156793,667,0,0,0,-56.0,11.5,18,100,2156.793
2157081,668,0,0,0,-35.0,11.25,18,100,2157.081
2157369,669,0,0,0,-38.0,11.5,18,100,2157.369
2157656,670,0,0,0,-34.0,11.5,18,100,2157.656
2157944,671,0,0,0,-33.0,11.0,18,100,2157.944
2158232,672,0,0,0,-33.0,11.0,18,100,2158.232
2158520,673,0,0,0,-39.0,11.5,18,100,2158.52
2158808,674,0,0,0,-44.0,11.25,18,100,2158.808
2159096,675,0,0,0,-46.0,11.0,18,100,2159.096
2159383,676,0,0,0,-37.0,11.0,18,100,2159.383
2159671,677,0,0,0,-42.0,11.5,18,100,2159.671
2159959,678,0,0,0,-40.0,10.5,18,100,2159.959
2160288,679,0,0,0,-42.0,12.75,18,100,2160.288
2160627,680,0,0,0,-37.0,11.25,18,100,2160.627
2160908,681,0,0,0,-44.0,11.25,18,100,2160.908
2161196,682,0,0,0,-52.0,10.25,18,100,2161.196
2161484,683,0,0,0,-45.0,11.25,18,100,2161.484
2161772,684,0,0,0,-38.0,11.25,18,100,2161.772
2162059,685,0,0,0,-45.0,11.25,18,100,2162.059
2162347,686,0,0,0,-44.0,11.25,18,100,2162.347
2162923,688,0,0,0,-40.0,11.25,18,100,2162.923
2163211,689,0,0,0,-38.0,11.5,18,100,2163.211
2163498,690,0,0,0,-53.0,10.75,18,100,2163.498
2163786,691,0,0,0,-33.0,11.25,18,100,2163.786
2164074,692,0,0,0,-45.0,10.25,18,100,2164.074
2164362,693,0,0,0,-32.0,11.0,18,100,2164.362
2164650,694,0,0,0,-46.0,11.5,18,100,2164.65
2166048,695,0,0,0,-39.0,11.5,18,93,2166.048
2166387,687,0,0,0,-47.0,10.0,18,93,2166.387
2166669,696,0,0,0,-36.0,11.75,18,93,2166.669
2166957,697,0,0,0,-45.0,10.5,18,93,2166.957
2167244,698,0,0,0,-41.0,11.5,18,93,2167.244
2167532,699,0,0,0,-45.0,11.5,18,93,2167.532
2167820,700,0,0,0,-47.0,11.0,18,93,2167.82
2168108,701,0,0,0,-40.0,11.75,18,93,2168.108
2168396,702,0,0,0,-35.0,10.75,18,93,2168.396
2168683,703,0,0,0,-49.0,10.75,18,93,2168.683
2168971,704,0,0,0,-34.0,10.75,18,93,2168.971
2169278,705,0,0,0,-42.0,12.0,18,93,2169.278
2169566,706,0,0,0,-37.0,10.75,18,93,2169.566
2169853,707,0,0,0,-41.0,11.25,18,93,2169.853
2170141,708,0,0,0,-40.0,12.5,18,93,2170.141
2170429,709,0,0,0,-42.0,10.75,18,93,2170.429
2170717,710,0,0,0,-34.0,11.75,18,100,2170.717
2171056,711,0,0,0,-34.0,11.5,18,100,2171.056
2171337,712,0,0,0,-36.0,10.75,18,100,2171.337
2171625,713,0,0,0,-40.0,11.0,18,100,2171.625
2171913,714,0,0,0,-42.0,11.75,18,100,2171.913
2172201,715,0,0,0,-44.0,10.75,18,100,2172.201
2172776,717,0,0,0,-46.0,11.0,18,100,2172.776
2173064,718,0,0,0,-38.0,11.25,18,100,2173.064
2173378,719,0,0,0,-42.0,10.5,18,100,2173.378
2173666,720,0,0,0,-31.0,11.25,18,100,2173.666
2173953,721,0,0,0,-36.0,10.75,18,100,2173.953
2174241,722,0,0,0,-39.0,11.25,18,100,2174.241
2174548,723,0,0,0,-48.0,11.0,18,100,2174.548
2174836,724,0,0,0,-35.0,10.5,18,100,2174.836
2175148,725,0,0,0,-38.0,10.5,18,100,2175.148
2175436,726,0,0,0,-40.0,11.0,18,93,2175.436
2175774,716,0,0,0,-35.0,11.75,18,93,2175.774
2176056,727,0,0,0,-43.0,11.0,18,93,2176.056
2176344,728,0,0,0,-37.0,11.25,18,93,2176.344
2176658,729,0,0,0,-40.0,10.75,18,93,2176.658
2176945,730,0,0,0,-35.0,11.0,18,93,2176.945
2177233,731,0,0,0,-30.0,11.0,18,93,2177.233
2177521,732,0,0,0,-33.0,11.0,18,93,2177.521
2177809,733,0,0,0,-36.0,10.5,18,93,2177.809
2178097,734,0,0,0,-36.0,11.0,18,93,2178.097
2178384,735,0,0,0,-37.0,11.0,18,93,2178.384
2178672,736,0,0,0,-36.0,11.25,18,93,2178.672
2179276,738,0,0,0,-44.0,11.25,18,93,2179.276
2179563,739,0,0,0,-45.0,10.5,18,93,2179.563
2179851,740,0,0,0,-46.0,10.75,18,93,2179.851
2180139,741,0,0,0,-44.0,11.5,18,93,2180.139
2180478,737,0,0,0,-37.0,11.5,18,93,2180.478
2180759,742,0,0,0,-36.0,11.5,18,93,2180.759
2181047,743,0,0,0,-36.0,11.25,18,93,2181.047
2181335,744,0,0,0,-40.0,10.75,18,93,2181.335
2181623,745,0,0,0,-46.0,10.75,18,93,2181.623
2181911,746,0,0,0,-38.0,10.75,18,93,2181.911
2182198,747,0,0,0,-33.0,11.25,18,93,2182.198
2182486,748,0,0,0,-40.0,11.25,18,93,2182.486
2182774,749,0,0,0,-40.0,11.0,18,93,2182.774
2183062,750,0,0,0,-39.0,10.5,18,93,2183.062
2183350,751,0,0,0,-23.0,11.0,18,93,2183.35
2183637,752,0,0,0,-28.0,11.25,18,93,2183.637
2183925,753,0,0,0,-34.0,11.0,18,93,2183.925
2184213,754,0,0,0,-35.0,11.0,18,93,2184.213
2184501,755,0,0,0,-26.0,10.75,18,93,2184.501
2184789,756,0,0,0,-31.0,11.5,18,100,2184.789
2185127,757,0,0,0,-25.0,11.5,18,100,2185.127
2185409,758,0,0,0,-48.0,11.75,18,100,2185.409
2185697,759,0,0,0,-40.0,11.5,18,100,2185.697
2185985,760,0,0,0,-40.0,11.0,18,100,2185.985
2186272,761,0,0,0,-44.0,12.25,18,100,2186.272
2186588,762,0,0,0,-28.0,11.75,18,100,2186.588
2186875,763,0,0,0,-29.0,11.25,18,100,2186.875
2187188,764,0,0,0,-33.0,11.0,18,100,2187.188
2187475,765,0,0,0,-34.0,11.75,18,100,2187.475
2187763,766,0,0,0,-31.0,11.5,18,100,2187.763
2188051,767,0,0,0,-36.0,11.25,18,100,2188.051
2188339,768,0,0,0,-30.0,11.75,18,100,2188.339
2188627,769,0,0,0,-30.0,11.75,18,100,2188.627
2188915,770,0,0,0,-26.0,11.25,18,100,2188.915
2189202,771,0,0,0,-27.0,11.5,18,100,2189.202
2189490,772,0,0,0,-28.0,11.25,18,100,2189.49
2189829,773,0,0,0,-27.0,11.5,18,100,2189.829
2190111,774,0,0,0,-32.0,11.75,18,100,2190.111
2190399,775,0,0,0,-32.0,11.5,18,100,2190.399
2190686,776,0,0,0,-27.0,12.5,18,100,2190.686
2190974,777,0,0,0,-30.0,11.25,18,100,2190.974
2191262,778,0,0,0,-30.0,10.75,18,100,2191.262
2191550,779,0,0,0,-37.0,11.0,18,100,2191.55
2191837,780,0,0,0,-34.0,11.0,18,100,2191.837
2192125,781,0,0,0,-27.0,10.75,18,100,2192.125
2192438,782,0,0,0,-27.0,10.75,18,100,2192.438
2192726,783,0,0,0,-29.0,11.5,18,100,2192.726
2193013,784,0,0,0,-31.0,11.5,18,100,2193.013
2193301,785,0,0,0,-26.0,11.75,18,100,2193.301
2193877,787,0,0,0,-34.0,11.75,18,100,2193.877
2194188,788,0,0,0,-28.0,11.25,18,93,2194.188
2194526,786,0,0,0,-26.0,11.5,18,93,2194.526
2194808,789,0,0,0,-25.0,13.25,18,93,2194.808
2195096,790,0,0,0,-26.0,11.5,18,93,2195.096
2195384,791,0,0,0,-27.0,11.25,18,93,2195.384
2195698,792,0,0,0,-27.0,11.5,18,93,2195.698
2195985,793,0,0,0,-28.0,11.0,18,93,2195.985
2196273,794,0,0,0,-28.0,11.25,18,93,2196.273
2196561,795,0,0,0,-28.0,11.5,18,93,2196.561
2196849,796,0,0,0,-29.0,11.75,18,93,2196.849
2197137,797,0,0,0,-30.0,11.75,18,93,2197.137
2197448,798,0,0,0,-30.0,11.25,18,93,2197.448
2197735,799,0,0,0,-31.0,11.75,18,93,2197.735
2198048,800,0,0,0,-30.0,11.25,18,93,2198.048
2198336,801,0,0,0,-29.0,11.5,18,93,2198.336
2198623,802,0,0,0,-29.0,12.0,18,93,2198.623
2198911,803,0,0,0,-32.0,11.5,18,100,2198.911
2199250,804,0,0,0,-29.0,11.0,18,100,2199.25
2199532,805,0,0,0,-33.0,11.25,18,100,2199.532
2199819,806,0,0,0,-30.0,11.25,18,100,2199.819
2200107,807,0,0,0,-27.0,11.0,18,100,2200.107
2200418,808,0,0,0,-28.0,11.25,18,100,2200.418
2200705,809,0,0,0,-28.0,11.5,18,100,2200.705
2200993,810,0,0,0,-28.0,11.25,18,100,2200.993
2201281,811,0,0,0,-28.0,11.25,18,100,2201.281
